student_id,first_name,last_name,gender,email,department_id,cgpa
STU00000,Danielle,Johnson,Female,john21@example.net,DEP001,1.97
STU00001,Joy,Gardner,,fjohnson@example.org,DEP002,2.58
STU00002,Jesse,Guzman,F,jennifermiles@example.com,DEP001,3.02
STU00003,Jeffrey,Lawrence,F,blakeerik@example.com,DEP002,2.59
STU00004,Matthew,Moore,Female,curtis61@example.com,DEP003,3.55
STU00004,Matthew,Moore,Female,curtis61@example.com,DEP003,3.55
STU00006,Christian,Carter,M,barbara10@example.net,DEP004,1.17
STU00007,Jeremy,Roberts,F,,DEP003,2.58
STU00008,Christopher,Hall,,jamesshawn@example.com,DEP003,2.03
STU00009,Francisco,Kelly,Male,jacqueline19@example.net,DEP003,2.49
STU00010,George,Daniel,Male,stevennelson@example.net,DEP001,2.44
STU00011,Hailey,Robinson,M,megan03@example.org,DEP003,3.53
STU00012,Linda,Morales,Female,clarksherri@example.net,DEP001,2.67
STU00013,Leonard,Rios,,pwilkerson@example.com,DEP004,2.73
STU00014,Douglas,Taylor,F,julie69@example.com,DEP005,3.12
STU00015,Michael,Osborn,Male,williamdavis@example.org,DEP001,3.61
STU00016,Michelle,Hernandez,M,laurahenderson@example.org,DEP001,3.41
STU00017,Paul,Carlson,,jrice@example.org,DEP004,4.62
STU00018,Erin,Wilson,F,kayla51@example.com,DEP004,3.24
STU00019,Ryan,Chavez,,teresa28@example.org,DEP003,3.3
STU00020,Monica,Evans,,ericfarmer@example.net,DEP005,2.6
STU00021,Stephanie,Nielsen,Female,georgetracy@example.org,DEP001,3.29
STU00022,Sarah,Koch,Male,john39@example.org,DEP002,2.14
STU00023,Christopher,Tucker,F,spenceamanda@example.org,DEP004,2.11
STU00024,David,Alvarez,F,josephbrennan@example.com,DEP004,1.17
STU00025,Tamara,Hickman,Male,jenniferross@example.net,DEP001,2.66
STU00026,Debra,Kim,,omartinez@example.org,DEP003,3.07
STU00027,Matthew,Chapman,M,briannasmith@example.net,DEP004,2.37
STU00028,Crystal,Perez,Male,heathchad@example.org,DEP003,4.17
STU00029,Joshua,Washington,male,jenniferkhan@example.net,DEP003,2.79
STU00030,Thomas,Mueller,,glee@example.net,DEP002,3.68
STU00031,Ryan,Henderson,male,dshields@example.net,DEP005,3.97
STU00032,Denise,Lucas,Male,powellmatthew@example.org,DEP004,4.6
STU00033,John,Lee,M,ltaylor@example.com,DEP002,3.2
STU00034,Steven,Baxter,male,ramosmichelle@example.net,DEP001,2.85
STU00035,Corey,Pearson,male,novaksara@example.org,DEP002,1.72
STU00036,Gabriel,Tucker,,michellebarrera@example.org,DEP005,3.44
STU00037,Nicholas,Galloway,male,sara74@example.com,DEP002,3.74
STU00038,Heather,Cross,male,smoore@example.org,DEP002,2.84
STU00039,Tanya,Riley,,adkinsbrian@example.net,DEP004,2.31
STU00040,Thomas,Calhoun,male,brianromero@example.org,DEP002,3.1
STU00041,Casey,Jones,male,richarddavid@example.net,DEP005,3.63
STU00042,John,Wheeler,Female,,DEP001,3.2
STU00043,Christine,Barnes,M,,DEP002,4.51
STU00044,Brandy,Mills,M,james53@example.com,DEP002,1.91
STU00045,Randy,Powers,male,stephen10@example.com,DEP002,2.73
STU00046,Christine,Hart,F,jonesjason@example.com,DEP002,3.85
STU00047,David,Bailey,M,suarezmike@example.org,DEP004,3.57
STU00048,Samuel,Daniels,,,DEP001,4.05
STU00049,Kevin,Riggs,Male,contrerasangela@example.net,DEP002,3.42
STU00050,Dale,Humphrey,male,darrell18@example.org,DEP004,3.32
STU00051,Joseph,Jacobs,Male,james48@example.com,DEP005,3.71
STU00052,John,Odonnell,Male,,DEP005,3.95
STU00053,Brent,Walters,Female,bradley52@example.net,DEP004,1.42
STU00054,Tina,Martin,F,barnold@example.net,DEP004,3.34
STU00055,Alec,Jones,Male,amydavenport@example.net,DEP003,2.76
STU00056,Angela,Jordan,F,parkerrachel@example.org,DEP005,2.57
STU00057,Rachel,Clark,Female,elizabethgomez@example.net,DEP001,2.31
STU00058,Nicole,Russell,male,sarayoung@example.org,DEP001,3.0
STU00059,Theresa,Cochran,male,vjohnson@example.com,DEP005,2.76
STU00060,Kimberly,Jenkins,Female,,DEP005,3.39
STU00061,Elizabeth,Moss,male,,DEP002,3.22
STU00062,John,Moore,F,reyesbenjamin@example.com,DEP005,3.02
STU00063,Jeffrey,Velasquez,male,ybailey@example.org,DEP005,3.94
STU00064,Jeffrey,Keller,male,emurphy@example.com,DEP003,3.31
STU00065,Michael,Hicks,Female,sheila14@example.org,DEP002,4.07
STU00066,Beverly,Terrell,,rodriguezryan@example.net,DEP004,2.53
STU00067,Kristin,Graham,Male,,DEP005,4.07
STU00068,Tracey,Wilson,male,jonathanfletcher@example.org,DEP001,2.19
STU00069,April,Drake,Female,michaeljones@example.net,DEP001,2.81
STU00070,Samantha,Hanson,Female,cortezkevin@example.com,DEP002,2.19
STU00071,Elizabeth,Nguyen,M,angela36@example.net,DEP005,3.33
STU00072,Shelby,Byrd,Male,christinaturner@example.net,DEP005,2.68
STU00073,Martha,Torres,Female,russellcarpenter@example.net,DEP001,3.98
STU00074,Marco,Ramos,,williamleon@example.net,DEP003,2.9
STU00075,Gene,Miller,M,clarence34@example.org,DEP003,3.47
STU00076,Lindsay,Hernandez,male,sanchezthomas@example.org,DEP001,3.61
STU00077,Stanley,Mercado,M,,DEP003,3.4
STU00078,Barbara,Higgins,Female,psnyder@example.org,DEP003,3.4
STU00079,Diana,Smith,,osbornejeffery@example.net,DEP001,3.64
STU00080,April,Williams,Male,,DEP002,1.73
STU00081,John,Charles,male,danderson@example.net,DEP004,2.62
STU00082,Amanda,Hansen,Female,,DEP003,4.01
STU00083,Logan,Fischer,Male,usalazar@example.net,DEP002,2.26
STU00084,Ronald,Meadows,,vmerritt@example.com,DEP001,2.46
STU00085,Shannon,Walton,F,katie87@example.net,DEP002,3.71
STU00086,John,Gonzales,Female,jimmy55@example.net,DEP002,3.12
STU00087,Christopher,Hernandez,,tbenson@example.org,DEP004,2.89
STU00088,Caleb,Russell,,nperry@example.com,DEP002,2.87
STU00089,Perry,Carrillo,Male,gateskathy@example.com,DEP001,4.22
STU00090,Thomas,Bender,F,karen68@example.net,DEP004,2.24
STU00091,Jessica,Marsh,Female,tracynelson@example.com,DEP002,4.05
STU00092,Anthony,Rogers,F,dramsey@example.org,DEP001,3.55
STU00093,Tina,Ferguson,,qvargas@example.org,DEP005,2.88
STU00094,Christopher,Patterson,M,qwhite@example.com,DEP001,3.39
STU00095,Mark,Gibson,male,kathleen64@example.com,DEP003,2.62
STU00096,Johnny,Miller,Male,currybrett@example.com,DEP004,2.3
STU00097,Jeffrey,Jones,F,websterstefanie@example.org,DEP005,4.01
STU00098,Mary,Howell,Male,davidcaldwell@example.net,DEP005,3.08
STU00099,Stacie,Marshall,F,,DEP005,3.2
STU00100,Jonathan,Wood,,stricklandfrank@example.com,DEP002,2.82
STU00101,Daniel,Johnson,,barbara66@example.net,DEP005,3.2
STU00102,James,Vargas,M,curtisbarton@example.net,DEP001,2.89
STU00103,Caroline,Martinez,M,reedross@example.com,DEP003,2.42
STU00104,Casey,Holland,F,atkinsonlynn@example.org,DEP005,3.51
STU00105,Ryan,Cox,F,bzimmerman@example.org,DEP002,3.52
STU00106,Jessica,Sheppard,male,christina87@example.com,DEP004,2.98
STU00107,Ryan,Simon,M,marcus31@example.com,DEP005,2.99
STU00108,Nicole,Sanchez,male,qhudson@example.com,DEP004,2.02
STU00109,Matthew,Snyder,male,hunter35@example.com,DEP002,3.38
STU00110,Matthew,Beard,,angela83@example.org,DEP005,2.5
STU00111,John,Russell,Male,hannahbrewer@example.com,DEP002,2.17
STU00112,Shane,Smith,,jeffrey34@example.net,DEP002,3.13
STU00113,Bonnie,Kennedy,F,ronald85@example.com,DEP001,3.17
STU00114,Jacqueline,Nelson,F,jerry35@example.org,DEP005,3.37
STU00115,Julia,Tapia,F,jamesrodgers@example.com,DEP002,4.02
STU00116,Jenny,Bray,,tina34@example.org,DEP001,3.09
STU00117,Michael,Turner,,joshuamccann@example.net,DEP001,2.52
STU00118,Kelly,Raymond,male,agarcia@example.net,DEP001,1.79
STU00119,Justin,Mendoza,,jack04@example.com,DEP005,3.34
STU00120,Danny,Jones,male,ojones@example.net,DEP004,2.15
STU00121,Brian,Hernandez,male,christopher31@example.net,DEP005,2.27
STU00122,Kathy,Obrien,F,kimberlyjames@example.com,DEP004,1.89
STU00123,Kenneth,Chapman,,ntorres@example.org,DEP005,3.36
STU00124,Chelsea,Singh,F,colleenbaker@example.org,DEP003,1.97
STU00125,Eric,Thompson,Female,moorericky@example.net,DEP003,3.41
STU00126,Brittney,Carter,male,keithcampbell@example.com,DEP002,3.13
STU00127,Charles,Hall,,kristin93@example.com,DEP004,4.07
STU00128,Danny,Walker,F,rebekahserrano@example.org,DEP004,2.59
STU00129,Brian,Sparks,F,scott74@example.net,DEP005,3.24
STU00130,Richard,Nelson,,,DEP005,2.94
STU00131,Amber,Kim,M,prestonjessica@example.net,DEP004,3.05
STU00132,John,Davis,F,keyemily@example.com,DEP005,3.46
STU00133,Barbara,Hines,F,thomaspearson@example.com,DEP004,1.58
STU00134,Howard,Richards,F,,DEP003,2.39
STU00135,Cynthia,Vasquez,,harrisonricky@example.com,DEP004,1.91
STU00136,Elizabeth,Hodge,Female,robert74@example.net,DEP005,3.69
STU00137,Sierra,Cervantes,male,gibsonleonard@example.com,DEP001,3.12
STU00138,Darrell,Barton,,sandovalamy@example.com,DEP004,3.23
STU00139,Brian,Stone,M,wgarrett@example.org,DEP003,3.49
STU00140,James,Dunn,M,samuel71@example.org,DEP004,2.7
STU00141,Teresa,Lynch,F,jennifercollins@example.org,DEP001,4.69
STU00142,Andrea,Davis,F,,DEP005,4.63
STU00143,Victoria,Durham,Female,pvalentine@example.org,DEP001,3.55
STU00144,Tyrone,Moran,Male,robert77@example.org,DEP002,3.52
STU00145,Stephen,Thomas,Female,sandraromero@example.org,DEP001,2.17
STU00146,Michelle,Hill,male,ymorgan@example.net,DEP004,2.63
STU00147,Joseph,Smith,Female,mary97@example.org,DEP001,1.87
STU00148,Sean,Washington,Female,andrea86@example.com,DEP001,1.58
STU00149,Sarah,Kane,male,ashleyhall@example.com,DEP004,2.24
STU00150,Bradley,Garner,F,qhughes@example.net,DEP002,3.95
STU00151,Tina,Simpson,,martineztammy@example.com,DEP003,3.49
STU00152,Molly,Sawyer,,dgarcia@example.org,DEP001,3.26
STU00153,Jennifer,Ortiz,Male,charlesharrington@example.com,DEP004,2.13
STU00154,Matthew,Schwartz,,christianmelissa@example.net,DEP005,2.93
STU00155,Norman,Stewart,F,cbrennan@example.net,DEP001,2.91
STU00156,Casey,Welch,F,wendy16@example.org,DEP004,2.8
STU00157,Kathleen,Padilla,,wallaceheather@example.org,DEP003,2.28
STU00158,Brandon,Flynn,male,michael62@example.org,DEP005,3.12
STU00159,Amanda,Knight,,georgemiller@example.com,DEP003,2.23
STU00160,Christine,Allen,Female,jesselittle@example.com,DEP001,2.86
STU00161,Jonathan,Smith,F,rsantana@example.net,DEP004,3.75
STU00162,Eric,Alexander,M,,DEP003,3.2
STU00163,Michael,Matthews,M,dvaughn@example.com,DEP005,3.44
STU00164,James,Cruz,,yrodriguez@example.net,DEP005,4.7
STU00165,Michael,Phillips,Male,andrew64@example.org,DEP004,3.11
STU00166,Ashlee,Jennings,F,lozanojulie@example.com,DEP002,2.63
STU00167,Kimberly,Hall,F,jeffery39@example.com,DEP001,2.06
STU00168,Erica,Le,Male,courtneyberger@example.net,DEP004,2.79
STU00169,Benjamin,Kramer,male,rileyjessica@example.org,DEP005,2.44
STU00170,Renee,Murphy,male,ithompson@example.net,DEP005,2.47
STU00171,Nancy,Diaz,M,maria47@example.com,DEP002,3.95
STU00172,Julie,Morgan,Male,mcdonaldcharles@example.org,DEP003,3.63
STU00173,Michelle,Ramsey,,zcoffey@example.net,DEP002,3.59
STU00174,Michael,Gibbs,,bakerdavid@example.com,DEP005,3.84
STU00175,Emily,Chambers,M,xcarson@example.org,DEP002,2.87
STU00176,Emily,Ruiz,M,rose31@example.net,DEP002,2.65
STU00177,Madison,Blankenship,Female,debra12@example.org,DEP001,4.04
STU00178,Sophia,Torres,male,pwilson@example.net,DEP002,2.24
STU00179,Derek,Chavez,Male,umatthews@example.org,DEP005,2.11
STU00180,Nicole,Pena,M,rgilbert@example.org,DEP004,2.02
STU00181,Hannah,Robinson,M,xsampson@example.org,DEP004,4.53
STU00182,Tina,Richardson,Male,bruce43@example.org,DEP004,2.08
STU00183,Stacy,Holloway,,,DEP002,3.05
STU00184,Christopher,Lewis,male,williamsmatthew@example.org,DEP001,3.35
STU00185,Kristin,Harris,F,brendali@example.org,DEP005,2.99
STU00186,Mark,Hernandez,Female,ramireztracey@example.org,DEP004,2.28
STU00187,Amber,Lindsey,male,guerreroanthony@example.org,DEP003,3.23
STU00188,Michael,Kramer,male,alfred40@example.org,DEP005,3.31
STU00189,Judy,Fox,Female,alvarezkimberly@example.net,DEP003,2.92
STU00190,Brittney,Hayes,,soniawilliams@example.net,DEP002,3.13
STU00191,Adrienne,Ellis,Male,browntimothy@example.com,DEP005,3.25
STU00192,Ronald,Rodriguez,F,fjones@example.com,DEP002,2.86
STU00193,Charlene,Jones,F,,DEP002,3.55
STU00194,Joshua,Schultz,M,oscar98@example.com,DEP005,2.14
STU00195,Shawn,Jacobs,F,mcguiredanny@example.net,DEP002,1.62
STU00196,Debra,Mack,,russellbeasley@example.com,DEP003,3.12
STU00197,Matthew,Chavez,Female,ublair@example.com,DEP005,2.76
STU00198,Larry,Scott,,gloriawells@example.org,DEP003,2.27
STU00199,Marie,Davis,M,garnernathan@example.org,DEP003,3.29
STU00200,Angela,Willis,male,elizabeth65@example.net,DEP004,3.17
STU00201,Shelley,Henderson,F,schmittcaroline@example.com,DEP005,3.1
STU00202,Dale,Romero,M,,DEP002,4.29
STU00203,Eric,Olson,male,bellangela@example.org,DEP001,2.68
STU00204,Kathryn,Andrews,,xbruce@example.net,DEP005,4.14
STU00205,Christina,Day,F,lynchdiane@example.net,DEP004,3.29
STU00206,Joseph,White,M,sandra50@example.org,DEP005,1.82
STU00207,Molly,Knight,Male,vjones@example.net,DEP004,3.5
STU00208,Teresa,Davis,M,nicholaschavez@example.org,DEP001,3.39
STU00209,Mitchell,Griffith,,wareeric@example.net,DEP004,2.51
STU00210,Brandon,Miller,male,,DEP001,2.76
STU00211,Scott,Coleman,F,nperry@example.net,DEP001,3.57
STU00212,Daniel,Jordan,,erika97@example.net,DEP004,2.61
STU00213,Elizabeth,Williams,M,djoyce@example.org,DEP004,3.23
STU00214,James,Dougherty,,kathrynroberts@example.org,DEP001,3.25
STU00215,Adrian,Burgess,M,davidpatel@example.org,DEP004,3.85
STU00216,Vincent,Whitaker,Male,,DEP005,3.34
STU00217,Linda,Jones,M,grahamsteve@example.org,DEP005,1.95
STU00218,Michelle,Johnston,F,amckinney@example.com,DEP001,2.66
STU00219,Darius,Smith,Female,george97@example.net,DEP003,3.08
STU00220,Samantha,Davis,male,sanchezbrianna@example.net,DEP004,4.0
STU00221,Christian,Harrell,Female,jeffrey21@example.net,DEP002,1.31
STU00222,Cynthia,Schmidt,F,rebeccabailey@example.net,DEP005,1.56
STU00223,Susan,Brewer,Male,joelthomas@example.org,DEP004,2.93
STU00224,Glenn,Hernandez,M,thompsonkendra@example.com,DEP005,2.99
STU00225,Steven,Elliott,,kmaldonado@example.net,DEP005,3.05
STU00226,Cynthia,Weber,male,edward17@example.com,DEP004,3.5
STU00227,Crystal,Hogan,F,bellcharles@example.com,DEP005,2.43
STU00228,Shannon,Brown,male,chase19@example.net,DEP003,4.34
STU00229,William,Ford,Female,colelisa@example.net,DEP002,1.56
STU00230,Jacob,Jacobs,F,,DEP004,2.65
STU00231,Walter,Rosario,F,vgarcia@example.net,DEP002,1.77
STU00232,Christopher,Lucas,F,wrightsamuel@example.com,DEP002,2.07
STU00233,Alexandria,Bishop,Male,nathan46@example.com,DEP004,2.99
STU00234,Kim,Shelton,Male,mccormickdeborah@example.org,DEP004,3.39
STU00235,Mark,Grant,,umitchell@example.net,DEP001,3.04
STU00236,Tamara,Morrison,F,mathewaguilar@example.org,DEP003,2.43
STU00237,Sabrina,Collins,,tanderson@example.org,DEP003,3.91
STU00238,Kyle,Bennett,,lisa81@example.net,DEP004,3.94
STU00239,Ellen,Romero,F,coxhenry@example.org,DEP001,2.72
STU00240,Matthew,Miranda,male,,DEP003,4.16
STU00241,James,Cooke,F,chrisrichard@example.org,DEP001,2.98
STU00242,William,Fernandez,F,stanleynancy@example.net,DEP003,3.18
STU00243,David,Bennett,Male,henryschwartz@example.net,DEP003,2.88
STU00244,Lisa,Martin,F,xwilliams@example.net,DEP005,2.1
STU00245,Jennifer,Montes,Female,karen73@example.net,DEP001,3.56
STU00246,John,Sheppard,male,mmckee@example.com,DEP005,2.66
STU00247,Erika,Hudson,male,smurray@example.com,DEP004,2.25
STU00248,Wesley,Barnes,,lisasolis@example.org,DEP003,2.25
STU00249,Monique,Williams,F,jsawyer@example.org,DEP005,1.7
STU00250,Jennifer,Black,Female,,DEP003,3.59
STU00251,David,Miller,F,joshuawhitehead@example.org,DEP004,2.95
STU00252,Mariah,Davis,M,lisawilkerson@example.org,DEP004,3.2
STU00253,Robert,Sanders,F,joe15@example.org,DEP005,2.74
STU00254,Anthony,Galvan,M,lacey20@example.com,DEP003,4.31
STU00255,Samantha,Kennedy,F,katherineharrison@example.net,DEP005,3.18
STU00256,Adam,Miller,,jason28@example.net,DEP001,3.98
STU00257,Chelsea,Henderson,M,john10@example.org,DEP002,2.38
STU00258,Robert,Bauer,male,fbrown@example.net,DEP002,2.36
STU00259,Amanda,Chen,,jennifercarter@example.org,DEP002,2.26
STU00260,Christina,Allen,,qlopez@example.org,DEP001,2.73
STU00261,Alexandra,Ward,male,myerstheodore@example.net,DEP002,3.7
STU00262,Paul,Brooks,Male,kellycarlos@example.org,DEP003,2.99
STU00263,Jessica,Fuller,Female,dennis58@example.com,DEP003,2.56
STU00264,Lisa,Thompson,male,epollard@example.net,DEP003,3.26
STU00265,Ian,Taylor,F,mjohnson@example.org,DEP003,2.53
STU00266,Kylie,Blackwell,,sarah86@example.net,DEP001,2.73
STU00267,Thomas,Johnson,Female,justinatkins@example.org,DEP004,3.05
STU00268,Michelle,Rivera,male,lloydsamuel@example.com,DEP004,3.86
STU00269,Julia,Kline,F,lmorgan@example.com,DEP003,3.08
STU00270,Heather,Richardson,male,laurie61@example.com,DEP003,3.4
STU00271,Carrie,Short,Male,manuel15@example.net,DEP005,3.32
STU00272,Kenneth,Griffin,M,cjackson@example.com,DEP002,2.4
STU00273,Sergio,Acosta,F,christina64@example.net,DEP003,2.2
STU00274,Tina,Gould,,lambertrichard@example.net,DEP002,3.19
STU00275,Laurie,Shelton,F,thomascathy@example.com,DEP002,3.05
STU00276,Austin,Jones,male,michael90@example.net,DEP004,1.82
STU00277,Eric,Cole,,nathan19@example.org,DEP004,4.24
STU00278,Alyssa,Sanders,male,john10@example.net,DEP002,3.77
STU00279,Jacob,Holmes,F,greenjorge@example.com,DEP003,2.33
STU00280,Jason,Carr,Male,igonzalez@example.org,DEP002,1.39
STU00281,Shannon,Roach,M,zosborn@example.net,DEP003,3.6
STU00282,Tammy,Downs,male,jenna88@example.com,DEP003,3.52
STU00283,Patricia,York,Male,laurahicks@example.org,DEP004,3.21
STU00284,Tracie,Conner,Male,kristyjohnson@example.net,DEP005,3.22
STU00285,Ashley,Mcdonald,M,cherylmiller@example.com,DEP002,2.96
STU00286,Raymond,Love,male,xfox@example.com,DEP005,3.13
STU00287,Madeline,Jones,Female,dawn77@example.net,DEP002,3.47
STU00288,Zachary,Anderson,male,,DEP002,3.87
STU00289,Maria,Arnold,Female,katrinaanderson@example.net,DEP001,2.93
STU00290,Renee,Brown,Female,,DEP002,2.89
STU00291,David,Hernandez,M,,DEP004,2.93
STU00292,Fred,Morris,male,michaeleverett@example.com,DEP001,1.8
STU00293,Meghan,King,male,david49@example.net,DEP004,3.18
STU00294,Clarence,Davidson,male,georgeweber@example.net,DEP005,4.18
STU00295,Matthew,Bradshaw,,bryananthony@example.org,DEP004,3.33
STU00296,Stacy,Wise,,debra96@example.net,DEP001,4.36
STU00297,Danielle,Jimenez,F,dawn47@example.org,DEP004,2.99
STU00298,Linda,Cohen,,shawn02@example.com,DEP001,3.5
STU00299,Robert,Marshall,Female,,DEP003,2.63
STU00300,Matthew,Thomas,male,jessica56@example.org,DEP005,2.84
STU00301,Kathleen,Robertson,male,floressteven@example.com,DEP004,2.33
STU00302,Shannon,Thomas,male,robertspatrick@example.net,DEP001,3.09
STU00303,Robert,Estes,,lisapeck@example.net,DEP005,2.67
STU00304,Larry,Hines,,dferrell@example.com,DEP004,2.52
STU00305,Natasha,Jimenez,M,landrywilliam@example.org,DEP004,3.15
STU00306,Jason,Gomez,F,campbellcarla@example.net,DEP003,2.07
STU00307,Emily,Mitchell,M,booneryan@example.com,DEP004,3.46
STU00308,Jessica,Gallagher,Male,brandon09@example.net,DEP001,3.26
STU00309,James,Tran,,hughesshannon@example.net,DEP002,3.17
STU00310,Joshua,Hays,male,,DEP005,2.03
STU00311,Erin,Wilson,F,longlaura@example.com,DEP004,2.61
STU00312,Angela,Diaz,,,DEP003,2.47
STU00313,Drew,Morrison,male,cporter@example.org,DEP002,2.62
STU00314,Derrick,Cook,,jstone@example.net,DEP001,2.47
STU00315,Patricia,Taylor,Male,francisco94@example.net,DEP005,3.72
STU00316,Matthew,Clayton,Female,terickson@example.com,DEP005,4.28
STU00317,Lisa,Richardson,male,whitneybrandy@example.net,DEP005,2.79
STU00318,Monica,Soto,Male,pbaker@example.net,DEP003,3.55
STU00319,Becky,Griffith,M,ojackson@example.net,DEP003,3.1
STU00320,Christine,Randall,Male,lorraineallen@example.net,DEP002,2.35
STU00321,Stacy,Rodriguez,Female,alexanderrobert@example.com,DEP001,2.71
STU00322,Hannah,Jenkins,Male,vsalas@example.net,DEP002,2.45
STU00323,Bryan,Taylor,Female,annbolton@example.com,DEP003,3.54
STU00324,Alicia,Edwards,male,stevepatel@example.net,DEP001,3.66
STU00325,Michael,Ingram,Male,chelsea33@example.com,DEP003,3.97
STU00326,Angela,Walker,F,kellie37@example.com,DEP004,2.43
STU00327,Timothy,Castro,Female,keith98@example.com,DEP001,2.55
STU00328,Paula,Foster,M,stephanie24@example.org,DEP003,2.59
STU00329,Keith,Klein,male,sandra47@example.org,DEP001,2.16
STU00330,James,Ryan,Female,derrick99@example.org,DEP005,3.45
STU00331,John,Santiago,Female,danawilliams@example.com,DEP003,3.16
STU00332,Mark,Kennedy,M,adampierce@example.org,DEP001,2.26
STU00333,Richard,Donovan,Female,mwoods@example.com,DEP002,3.01
STU00334,Manuel,Brewer,male,pearsonjesse@example.net,DEP003,4.25
STU00335,Jennifer,Zuniga,Male,robertmonroe@example.org,DEP004,3.61
STU00336,Wendy,Sanders,Male,vlopez@example.com,DEP005,2.36
STU00337,Nancy,Smith,,hebertmatthew@example.com,DEP001,3.31
STU00338,Veronica,Daniels,F,,DEP003,3.8
STU00339,Troy,Mays,F,znelson@example.org,DEP003,4.5
STU00340,Mark,Simon,Male,jennifer05@example.com,DEP001,3.04
STU00341,Ashley,Todd,male,,DEP003,3.93
STU00342,Gregory,Chase,,gwilcox@example.com,DEP003,3.05
STU00343,Christopher,Caldwell,,tinawoods@example.org,DEP005,2.73
STU00344,Adam,Reyes,Female,vmolina@example.com,DEP003,1.95
STU00345,Brandi,Berry,,desiree30@example.net,DEP002,4.42
STU00346,David,Parker,Male,tparks@example.com,DEP002,3.19
STU00347,Hannah,Fowler,,,DEP004,3.36
STU00348,Shelia,Richardson,F,jeffreyanderson@example.org,DEP005,1.49
STU00349,Spencer,Zhang,male,robert87@example.net,DEP005,3.5
STU00350,Laurie,Petersen,M,erinlarson@example.org,DEP003,3.15
STU00351,Alicia,Rice,F,christian91@example.org,DEP003,3.21
STU00352,Maria,Leach,male,,DEP005,3.7
STU00353,James,Herrera,Male,,DEP003,3.35
STU00354,Franklin,Bond,Male,nwilson@example.net,DEP001,2.38
STU00355,Brandy,Davis,F,dstokes@example.org,DEP001,2.45
STU00356,William,Bryant,F,hansenemily@example.com,DEP005,2.64
STU00357,Jennifer,Foster,F,reesebeth@example.org,DEP001,2.5
STU00358,Rodney,Graves,F,michaelcesar@example.com,DEP003,3.29
STU00359,Anthony,Ortiz,,katiegood@example.net,DEP002,2.97
STU00360,Tamara,Brooks,,ywest@example.com,DEP004,2.05
STU00361,Christopher,Brandt,M,desireebailey@example.org,DEP003,2.86
STU00362,Victoria,Long,F,jessicawalker@example.org,DEP003,2.9
STU00363,Katelyn,Good,,inunez@example.com,DEP001,2.79
STU00364,Amanda,Morrow,M,stevenmoore@example.org,DEP004,2.76
STU00365,Sharon,Hardy,,johnsondonna@example.net,DEP005,4.1
STU00366,Katie,Stephenson,Female,allencarlos@example.net,DEP005,2.19
STU00367,Arthur,Harper,M,sanchezbradley@example.com,DEP004,1.66
STU00368,Jimmy,Robinson,Female,taylorvictoria@example.org,DEP001,2.75
STU00369,Lisa,Dennis,M,barbara53@example.com,DEP005,3.63
STU00370,Nancy,Odom,Male,roberthill@example.net,DEP004,2.87
STU00371,Stacy,Hobbs,M,conniesimmons@example.com,DEP002,2.99
STU00372,Brandon,Cooper,M,ufloyd@example.net,DEP004,4.15
STU00373,Robert,Hernandez,Female,,DEP001,5.0
STU00374,Nicholas,Webster,male,oallen@example.com,DEP005,3.62
STU00375,Meredith,Thomas,male,jmelendez@example.com,DEP004,3.15
STU00376,Tammy,Grant,Female,paulscott@example.com,DEP005,3.15
STU00377,Deborah,Nielsen,F,,DEP003,2.61
STU00378,Melanie,Davis,,brettbennett@example.net,DEP004,2.1
STU00379,Carrie,Russo,F,lindamatthews@example.net,DEP002,2.25
STU00380,Angelica,Mendoza,M,kevin03@example.org,DEP004,3.38
STU00381,Suzanne,Wilson,,srocha@example.net,DEP004,2.74
STU00382,Jane,Sanders,F,andrearowe@example.com,DEP004,2.27
STU00383,Steven,Wong,Female,jose87@example.com,DEP005,2.99
STU00384,Corey,Zavala,Female,ugill@example.org,DEP001,2.1
STU00385,Nathan,Gutierrez,male,joycesmith@example.net,DEP005,1.9
STU00386,Sarah,Riley,Male,mphillips@example.com,DEP002,2.78
STU00387,Jerry,Hudson,Female,victorpena@example.net,DEP001,4.5
STU00388,Matthew,Hines,Female,plevy@example.net,DEP003,3.66
STU00389,Tracy,Jackson,F,gary87@example.org,DEP002,2.69
STU00390,Sabrina,Weaver,F,warrenmary@example.org,DEP003,3.1
STU00391,Sierra,Barnett,Male,gutierrezmegan@example.org,DEP003,3.61
STU00392,Carlos,Hernandez,Female,williambrooks@example.net,DEP003,3.69
STU00393,Dana,Peck,Female,bhopkins@example.org,DEP004,2.61
STU00394,Amanda,Jenkins,F,morenojoshua@example.com,DEP001,3.48
STU00395,Andre,Li,Female,ldrake@example.org,DEP005,3.06
STU00396,Samantha,Warren,male,jamesfox@example.com,DEP003,3.03
STU00397,Joseph,Sanders,Female,susan79@example.org,DEP005,3.36
STU00398,Veronica,Perez,F,,DEP004,2.9
STU00399,Gabriella,Abbott,male,davisnicholas@example.net,DEP002,2.93
STU00400,Thomas,Walsh,M,christopherbruce@example.net,DEP005,2.45
STU00401,Kristen,Knight,Female,jacobsonsamantha@example.org,DEP001,3.73
STU00402,Jason,Parrish,male,enelson@example.net,DEP001,3.84
STU00403,Sara,Lam,male,whitemelissa@example.org,DEP004,2.75
STU00404,Suzanne,Matthews,F,,DEP004,3.53
STU00405,Karen,Marquez,Male,thickman@example.org,DEP001,2.94
STU00406,Anne,Knight,M,irhodes@example.com,DEP001,3.15
STU00407,Patrick,Singh,M,masonterri@example.org,DEP003,1.87
STU00408,Connor,Hall,male,petersonkayla@example.net,DEP002,3.51
STU00409,Randy,Ayala,,walterskristen@example.com,DEP002,2.07
STU00410,Tracy,Kelly,Female,,DEP004,3.46
STU00411,Shelley,Reynolds,Female,nmiller@example.com,DEP003,3.11
STU00412,Lauren,Marquez,M,adamsnorman@example.net,DEP005,2.81
STU00413,Eric,Price,,daniel04@example.com,DEP003,3.03
STU00414,Michael,Nelson,Male,christopherjordan@example.net,DEP003,2.82
STU00415,Angela,Russell,F,davisangela@example.net,DEP004,4.24
STU00416,Carly,Nguyen,F,asmith@example.com,DEP002,2.18
STU00417,Kimberly,Hardy,male,ashleyjackson@example.com,DEP001,3.02
STU00418,Gavin,Adams,,trevor12@example.com,DEP004,1.96
STU00419,Joshua,Evans,male,wardsheryl@example.net,DEP001,2.22
STU00420,Colleen,Wheeler,Male,stephentaylor@example.org,DEP003,2.67
STU00421,Stacy,Cook,F,vbrock@example.com,DEP004,3.89
STU00422,Matthew,Ochoa,M,kevinmorrison@example.net,DEP003,2.44
STU00423,James,Edwards,,snovak@example.net,DEP001,2.51
STU00424,Heather,Henry,Male,markramirez@example.com,DEP004,2.18
STU00425,Michael,Frederick,,brittanygardner@example.net,DEP001,3.95
STU00426,Katrina,Johnson,Female,nhahn@example.com,DEP004,3.25
STU00427,Lauren,Guerra,,fuenteslaura@example.com,DEP004,3.06
STU00428,Emily,Taylor,male,,DEP002,2.26
STU00429,Kevin,King,M,jennifermccormick@example.org,DEP001,1.46
STU00430,Shane,Harper,male,sferguson@example.com,DEP003,2.19
STU00431,Amy,Gibbs,Female,jacqueline89@example.net,DEP001,3.61
STU00432,Robin,Rodriguez,,dianekelly@example.net,DEP005,2.32
STU00433,Cheyenne,Hart,M,vrasmussen@example.com,DEP004,3.59
STU00434,Daniel,Garcia,Female,williamstone@example.net,DEP003,2.12
STU00435,Gwendolyn,Walker,Female,peter98@example.org,DEP001,0.61
STU00436,Michael,Johnson,F,phillipssamantha@example.org,DEP004,4.28
STU00437,Darren,Shepard,M,michaelcooper@example.org,DEP001,2.98
STU00438,Adriana,Bailey,male,kimheather@example.com,DEP003,3.66
STU00439,Carlos,Williams,,johnsonmatthew@example.org,DEP003,2.11
STU00440,Erica,Martin,male,zacharyarnold@example.com,DEP002,3.13
STU00441,Anita,Mullen,F,,DEP005,2.5
STU00442,Jesse,Sullivan,male,jacobsandoval@example.com,DEP005,4.0
STU00443,Anthony,Mendez,Male,shannonjordan@example.org,DEP004,4.06
STU00444,Janet,Harris,male,raylauren@example.net,DEP004,3.12
STU00445,Jacob,Nguyen,M,qwilson@example.com,DEP004,2.75
STU00446,Allison,Fowler,F,lcarr@example.org,DEP003,3.91
STU00447,Michael,Bruce,male,lisamccarthy@example.com,DEP002,3.95
STU00448,Samantha,Lawrence,Female,lawrenceallen@example.org,DEP001,3.41
STU00449,Isaac,Steele,M,ibarnes@example.net,DEP003,2.26
STU00450,Patrick,Lopez,,angelaburns@example.org,DEP005,4.07
STU00451,Jacob,Wilkinson,M,glennstephanie@example.com,DEP005,2.17
STU00452,Derrick,Ochoa,M,fortiz@example.com,DEP003,2.77
STU00453,Jennifer,Wallace,,christopherjohnson@example.org,DEP005,2.8
STU00454,Kelly,Hill,Female,gary79@example.net,DEP005,2.82
STU00455,Kendra,Simpson,male,,DEP001,2.06
STU00456,William,Armstrong,Male,,DEP005,2.96
STU00457,Joseph,Daniels,male,amber07@example.net,DEP001,3.48
STU00458,Jeffery,Coleman,F,kennethkidd@example.com,DEP005,2.57
STU00459,Jose,Atkins,F,gonzalesvictoria@example.org,DEP004,4.7
STU00460,Jason,Rojas,M,michelle96@example.org,DEP001,3.4
STU00461,Christina,Glover,F,lindahudson@example.net,DEP005,3.61
STU00462,Juan,Ryan,Female,tiffany44@example.net,DEP003,2.86
STU00463,Joseph,Hodge,F,taylorkaren@example.com,DEP003,1.62
STU00464,Samantha,Riddle,male,jacquelineanderson@example.org,DEP003,3.02
STU00465,Jennifer,Poole,F,kburns@example.net,DEP001,3.36
STU00466,Joseph,Perry,Male,yjones@example.org,DEP004,3.48
STU00467,Richard,Brady,Female,shawn75@example.net,DEP005,2.45
STU00468,Aaron,Schroeder,,simonstephen@example.net,DEP002,2.16
STU00469,Heidi,Horn,F,brobinson@example.org,DEP004,3.01
STU00470,Troy,Morris,Male,matthew92@example.net,DEP004,1.18
STU00471,Melissa,Kramer,Female,williamsconnie@example.com,DEP001,2.94
STU00472,Allen,Noble,Male,scottsmith@example.com,DEP005,3.75
STU00473,James,Barker,F,nicoleturner@example.com,DEP001,2.31
STU00474,Clarence,Ward,Male,watsonrebecca@example.org,DEP003,2.83
STU00475,Brett,Garrett,M,,DEP001,1.82
STU00476,Jessica,Fischer,male,trios@example.org,DEP003,2.74
STU00477,Aaron,Woods,male,brittneystone@example.com,DEP005,2.91
STU00478,Albert,Dominguez,M,mcneilrobert@example.org,DEP005,2.85
STU00479,Tim,Perez,Male,crosscurtis@example.com,DEP003,2.68
STU00480,Michael,Evans,male,wayala@example.org,DEP002,3.26
STU00481,Darlene,Byrd,male,,DEP001,3.79
STU00482,Casey,Elliott,Female,scottbowen@example.net,DEP004,2.61
STU00483,Kaitlin,Gillespie,male,fheath@example.org,DEP005,2.95
STU00484,Donald,Martinez,M,bbell@example.com,DEP005,2.96
STU00485,Kylie,Wright,M,wrightcarolyn@example.net,DEP005,2.41
STU00486,Cathy,Maxwell,male,abbottdominique@example.com,DEP005,2.6
STU00487,Jamie,Lawson,M,juliephillips@example.org,DEP001,4.22
STU00488,Kristen,Leon,F,troyrodriguez@example.com,DEP001,2.55
STU00489,Danielle,Jones,,hatfieldsarah@example.org,DEP005,2.69
STU00490,Paul,Combs,male,rdiaz@example.org,DEP001,2.63
STU00491,Kathryn,Best,,smithcarlos@example.com,DEP004,2.79
STU00492,Jason,Livingston,Female,ohunter@example.net,DEP002,4.67
STU00493,Walter,Perry,Male,imiller@example.net,DEP004,3.34
STU00494,Christina,Ramirez,M,christian32@example.net,DEP004,2.74
STU00495,Mark,Willis,male,collinssamuel@example.org,DEP001,2.33
STU00496,Brian,Miller,,nwilson@example.net,DEP002,0.7
STU00497,Brian,Wade,F,davidzimmerman@example.net,DEP003,2.07
STU00498,Alexander,Crawford,Female,alexandra42@example.com,DEP005,2.64
STU00499,David,Norman,,jessica10@example.com,DEP003,3.55
STU00500,Lindsay,Nelson,male,bakertheresa@example.net,DEP002,2.89
STU00501,Chris,Gibson,M,brian92@example.com,DEP002,3.58
STU00502,Eric,Ayala,,perezwilliam@example.org,DEP003,2.11
STU00503,Michele,Smith,,ruizpatrick@example.org,DEP001,3.11
STU00504,Harold,Horne,male,tranrobin@example.net,DEP004,3.56
STU00505,Diana,Walker,M,robertcortez@example.com,DEP002,2.57
STU00506,Margaret,Duncan,M,,DEP001,2.57
STU00507,David,Nunez,M,whitelinda@example.org,DEP002,3.62
STU00508,Stephanie,Jones,Female,xcline@example.com,DEP003,3.99
STU00509,Mark,Tran,Female,woodkelly@example.com,DEP005,2.56
STU00510,Jodi,Sanchez,Female,brittany73@example.net,DEP005,3.08
STU00511,Rachel,Hodges,Male,edwardrandolph@example.org,DEP004,3.5
STU00512,Jesse,Reed,Male,tapiaaaron@example.net,DEP002,3.88
STU00513,Nicholas,Rojas,Female,dalton83@example.com,DEP004,3.03
STU00514,Travis,Brown,F,jenniferdavis@example.org,DEP003,2.56
STU00515,Phyllis,Meyer,Male,stephen19@example.org,DEP002,3.91
STU00516,William,Walsh,male,kjones@example.org,DEP001,3.37
STU00517,Ryan,Brandt,Female,kellyrosales@example.com,DEP001,2.77
STU00518,Jaclyn,Moss,F,shawn31@example.org,DEP002,4.65
STU00519,Derek,Carrillo,M,moorefrank@example.com,DEP001,2.31
STU00520,Lee,Martinez,M,tami37@example.com,DEP001,3.57
STU00521,Steven,Phelps,F,mooregina@example.net,DEP005,2.73
STU00522,Heidi,Williams,male,eddie35@example.com,DEP002,3.47
STU00523,William,Byrd,Female,lori20@example.com,DEP003,2.37
STU00524,Melissa,Hawkins,Female,codygarcia@example.org,DEP003,2.98
STU00525,David,Brown,M,davidcolon@example.com,DEP005,2.88
STU00526,Gina,Pace,,aguilarjonathan@example.org,DEP002,2.23
STU00527,Andrew,Brown,F,flamb@example.com,DEP005,2.36
STU00528,David,Dunlap,M,jacksonaudrey@example.net,DEP001,3.15
STU00529,Randall,Johnson,M,nthompson@example.org,DEP001,3.35
STU00530,Joshua,Griffin,M,austinharvey@example.org,DEP004,3.04
STU00531,Deborah,Porter,M,rbrown@example.com,DEP005,1.26
STU00532,Derrick,Gonzalez,Male,crystalpham@example.org,DEP003,2.91
STU00533,Veronica,Casey,Male,timothy75@example.net,DEP002,2.77
STU00534,Wayne,Price,F,anthonyharper@example.org,DEP003,2.63
STU00535,Paula,Osborne,M,stokesthomas@example.com,DEP002,2.07
STU00536,Katie,Key,Female,craigsandoval@example.com,DEP004,3.66
STU00537,Amanda,Moody,male,gallagherstacie@example.net,DEP005,3.95
STU00538,Meghan,Salinas,F,savannah22@example.org,DEP002,3.08
STU00539,Brittany,Drake,male,robin05@example.net,DEP001,1.95
STU00540,Anne,Hart,male,marycochran@example.com,DEP003,3.8
STU00541,Amber,Thompson,Male,davisjesse@example.org,DEP005,3.43
STU00542,Andrew,Woods,Female,samantha32@example.com,DEP002,3.7
STU00543,Jennifer,Sellers,F,brian29@example.net,DEP002,4.18
STU00544,Samantha,Schroeder,,susan56@example.net,DEP001,3.61
STU00545,Craig,Turner,Male,theresaoconnor@example.com,DEP005,2.55
STU00546,Latoya,Yu,F,grant89@example.com,DEP001,2.02
STU00547,Jeffrey,Chapman,M,nicholasgross@example.com,DEP004,2.62
STU00548,David,Daniel,M,xrosales@example.net,DEP002,2.81
STU00549,Antonio,Guzman,M,daniellegarcia@example.com,DEP005,2.9
STU00550,Donald,Mcgee,Male,michaelflores@example.net,DEP001,3.79
STU00551,Nicole,Davis,M,sean43@example.org,DEP002,2.93
STU00552,Heather,Bell,,lebrandon@example.com,DEP004,1.96
STU00553,Jessica,Costa,F,ysnyder@example.com,DEP004,4.05
STU00554,Amy,Garcia,F,kkramer@example.net,DEP005,3.93
STU00555,Katherine,Perez,Male,cjones@example.com,DEP005,4.03
STU00556,Andrew,Green,F,jonesgeorge@example.com,DEP002,3.6
STU00557,Eugene,Jones,M,morgantricia@example.com,DEP005,1.99
STU00558,Janet,Reynolds,F,catherinehamilton@example.org,DEP002,3.01
STU00559,Craig,Harris,M,robertspencer@example.net,DEP001,3.65
STU00560,Amber,Guerrero,Male,john06@example.net,DEP004,1.77
STU00561,Andrea,Henry,Male,wardronald@example.com,DEP001,1.91
STU00562,Madison,Weber,Male,bgonzalez@example.org,DEP004,2.11
STU00563,George,Carter,Male,wellsdarrell@example.com,DEP001,2.37
STU00564,Thomas,Jacobson,F,christopher86@example.org,DEP005,3.29
STU00565,Nathan,James,Male,seanbaker@example.com,DEP003,4.37
STU00566,Jose,Hood,Female,hernandezheather@example.org,DEP005,2.6
STU00567,Christopher,Cooper,,larellano@example.org,DEP002,3.86
STU00568,Angela,Randall,M,rsheppard@example.com,DEP005,3.11
STU00569,Ashley,Young,Male,christian08@example.net,DEP005,3.58
STU00570,Rachel,Mcbride,,davidtodd@example.org,DEP004,2.8
STU00571,Stacy,Jackson,M,lindseymartinez@example.com,DEP004,2.93
STU00572,Christian,Vega,male,wendyburton@example.net,DEP004,2.5
STU00573,Jonathan,Bartlett,Female,millerangela@example.net,DEP004,3.32
STU00574,Mark,Hill,Female,astark@example.net,DEP003,3.24
STU00575,Cindy,Mills,F,jrodriguez@example.org,DEP005,2.7
STU00576,Ashley,Aguilar,F,buckleyanna@example.org,DEP005,2.32
STU00577,Kristi,Dillon,M,natalie46@example.net,DEP001,2.87
STU00578,Todd,Lynch,F,jacksonrichard@example.net,DEP001,1.72
STU00579,Charlotte,Steele,Male,fosternatasha@example.net,DEP005,2.71
STU00580,John,Reese,male,,DEP001,3.45
STU00581,Samantha,Prince,,morganlaura@example.com,DEP002,4.1
STU00582,Juan,Vasquez,F,comptonjeremy@example.com,DEP003,2.5
STU00583,Terri,Ramos,Female,joseph69@example.net,DEP001,4.45
STU00584,Christopher,Alexander,,wfigueroa@example.net,DEP004,3.93
STU00585,Michelle,Nicholson,,cameronmckinney@example.com,DEP002,2.45
STU00586,Derek,York,male,thompsonnancy@example.org,DEP003,2.37
STU00587,Mary,Wright,M,xwilliams@example.net,DEP003,3.59
STU00588,James,Richardson,male,owagner@example.org,DEP004,4.61
STU00589,Erin,Allen,F,lwheeler@example.com,DEP003,4.15
STU00590,Brenda,Bailey,Female,marygreen@example.net,DEP004,4.34
STU00591,Christopher,Johnson,,martinashley@example.org,DEP003,3.4
STU00592,Mercedes,Holland,male,josephortiz@example.org,DEP005,2.89
STU00593,Michelle,Coffey,Female,wellsdavid@example.org,DEP004,2.42
STU00594,Carolyn,Smith,male,charlene44@example.com,DEP004,1.41
STU00595,Paula,York,M,dking@example.com,DEP004,2.48
STU00596,Erica,Holloway,,asilva@example.net,DEP004,1.9
STU00597,Yvonne,Levy,M,anna99@example.com,DEP005,3.28
STU00598,Kenneth,Rodriguez,F,rogersjoshua@example.com,DEP005,4.75
STU00599,Michelle,Green,male,,DEP001,2.89
STU00600,Jennifer,Stafford,,,DEP001,1.85
STU00601,Kent,Hernandez,Female,,DEP002,3.7
STU00602,Kathy,Yoder,Male,rguerrero@example.org,DEP004,2.32
STU00603,Jennifer,Rios,,jordan66@example.com,DEP004,3.69
STU00604,Jillian,Aguilar,,matthewreeves@example.net,DEP001,2.29
STU00605,Amanda,Glover,Male,william28@example.org,DEP003,2.86
STU00606,Kelly,Ruiz,male,jessica82@example.net,DEP001,1.92
STU00607,Rachel,Pena,F,michaelgarner@example.com,DEP002,2.98
STU00608,Robert,Eaton,Male,jorge47@example.org,DEP005,3.27
STU00609,Thomas,Delacruz,male,kennedyjames@example.org,DEP003,3.37
STU00610,Mikayla,James,M,robert22@example.org,DEP001,2.5
STU00611,Matthew,Benitez,male,tthomas@example.org,DEP002,3.51
STU00612,Kimberly,Freeman,M,lawrencebrown@example.com,DEP001,2.21
STU00613,Joshua,Juarez,Male,barbaramoore@example.org,DEP004,1.86
STU00614,David,Hamilton,F,epowell@example.com,DEP001,2.29
STU00615,Adam,Ferguson,Male,stephanie58@example.org,DEP004,2.17
STU00616,Andrew,Smith,,jeremywiley@example.com,DEP005,4.87
STU00617,David,Reyes,male,gary04@example.com,DEP002,2.73
STU00618,Stephen,Meyer,Female,ryan25@example.com,DEP005,2.79
STU00619,Michael,Lopez,Male,osmith@example.net,DEP003,3.03
STU00620,Traci,Clark,male,lawrencegary@example.com,DEP001,3.59
STU00621,Jennifer,Conner,Male,qmcdowell@example.net,DEP005,4.23
STU00622,Cindy,Wheeler,Female,stanleydesiree@example.org,DEP004,3.53
STU00623,Brandon,Wilson,male,jjames@example.com,DEP004,2.74
STU00624,Thomas,Hernandez,,turnerdorothy@example.net,DEP003,2.14
STU00625,Abigail,Dean,,robertroach@example.net,DEP005,3.77
STU00626,Jennifer,Wilson,,glovertyler@example.net,DEP001,3.42
STU00627,James,Baker,Male,michaelortiz@example.org,DEP005,3.29
STU00628,Benjamin,Crawford,male,haleycastillo@example.org,DEP003,3.55
STU00629,Aaron,Powers,F,conleyelizabeth@example.org,DEP003,3.1
STU00630,Stacy,Chan,male,cummingscraig@example.com,DEP004,3.37
STU00631,Dawn,Bryant,F,joseph01@example.org,DEP005,3.85
STU00632,Morgan,Phelps,M,laurie56@example.net,DEP001,3.35
STU00633,Darrell,York,,smithdevon@example.net,DEP002,3.2
STU00634,George,Howard,,rfriedman@example.net,DEP003,3.06
STU00635,Christopher,Briggs,M,danielross@example.com,DEP003,3.04
STU00636,Joseph,Cruz,Male,pmarsh@example.org,DEP002,2.19
STU00637,Daniel,Horton,male,jarvismegan@example.org,DEP001,3.38
STU00638,Robert,Garza,Male,ywhite@example.com,DEP001,1.99
STU00639,Cheryl,Huffman,F,,DEP004,2.3
STU00640,Nichole,Acosta,F,timothyfreeman@example.com,DEP005,4.6
STU00641,Scott,Brown,male,alexander89@example.net,DEP004,1.91
STU00642,Annette,Levine,Female,april91@example.com,DEP003,2.95
STU00643,Dorothy,Wright,Female,elizabeth62@example.net,DEP004,3.39
STU00644,Patricia,Salazar,M,schneidereric@example.com,DEP001,1.92
STU00645,Melissa,Booth,,waltonmalik@example.com,DEP005,4.29
STU00646,Tara,Williams,male,andreagray@example.org,DEP001,3.05
STU00647,Christian,Wallace,F,fmiller@example.com,DEP005,3.06
STU00648,Leslie,Hooper,F,garciarobert@example.net,DEP003,2.31
STU00649,Andrea,Petersen,,pamela83@example.net,DEP002,3.27
STU00650,Emily,Clements,M,marcia37@example.com,DEP002,2.57
STU00651,Ann,Harvey,F,xmoran@example.net,DEP003,3.06
STU00652,Shaun,Davis,,aaronkelly@example.net,DEP004,4.2
STU00653,Tamara,Carter,M,jacqueline02@example.com,DEP004,2.75
STU00654,Donald,Love,M,nrodriguez@example.org,DEP005,3.75
STU00655,Jacob,Conrad,Female,ylewis@example.org,DEP005,5.0
STU00656,Jennifer,Rodriguez,Male,owilliams@example.net,DEP004,3.45
STU00657,Brianna,Barton,M,lellis@example.net,DEP001,2.83
STU00658,Dennis,Porter,F,tranryan@example.net,DEP002,2.65
STU00659,Timothy,Romero,,heatherthompson@example.org,DEP004,2.61
STU00660,Dale,Sandoval,F,,DEP005,2.3
STU00661,Catherine,Morris,male,mbarnes@example.net,DEP004,3.09
STU00662,Kathryn,Hill,male,,DEP003,2.62
STU00663,Tamara,Waller,male,iballard@example.com,DEP001,1.78
STU00664,Carrie,Tanner,Male,megan85@example.net,DEP003,3.48
STU00665,Jillian,Spencer,male,jamesweber@example.com,DEP004,3.83
STU00666,Glenda,Morse,M,tinasantos@example.org,DEP004,3.25
STU00667,William,Benson,Female,jennifer58@example.com,DEP005,3.2
STU00668,Brandi,Bender,male,icraig@example.com,DEP005,3.12
STU00669,Natalie,Henderson,F,millsanthony@example.org,DEP005,3.67
STU00670,Brian,Brown,,karen24@example.net,DEP003,3.8
STU00671,John,Franco,M,james80@example.com,DEP001,2.99
STU00672,Lisa,Garcia,Male,juliahoffman@example.org,DEP002,2.63
STU00673,William,Robles,Female,heather06@example.com,DEP003,3.52
STU00674,Robert,French,F,tammy00@example.net,DEP004,2.75
STU00675,John,Oliver,,ogreer@example.net,DEP003,3.54
STU00676,Jenna,Richardson,,kimberlybrandt@example.com,DEP002,4.04
STU00677,Shane,Lucero,male,lopezglenn@example.net,DEP002,2.51
STU00678,David,Williams,M,angela22@example.net,DEP004,3.08
STU00679,Meghan,Smith,Female,jmckinney@example.org,DEP004,3.71
STU00680,Eric,Morris,F,,DEP005,3.57
STU00681,Brent,Randolph,F,tracy98@example.com,DEP002,2.49
STU00682,Charles,Zimmerman,Female,susanmeyer@example.net,DEP001,1.89
STU00683,Erik,Daniels,male,odavis@example.org,DEP003,2.41
STU00684,Elizabeth,Rivera,Female,jeffery98@example.com,DEP003,2.61
STU00685,Wendy,Colon,,wilsonmichael@example.org,DEP004,2.29
STU00686,Rebecca,Austin,male,susanfleming@example.com,DEP001,2.22
STU00687,Patrick,Hogan,male,cruzamber@example.com,DEP003,4.1
STU00688,Angel,Black,male,willie87@example.com,DEP002,2.8
STU00689,Bradley,Villanueva,Male,lukemiller@example.org,DEP002,3.48
STU00690,Gary,Huber,male,simsjason@example.net,DEP005,3.45
STU00691,Kim,Hancock,Female,nhouston@example.net,DEP005,3.52
STU00692,Maria,Johns,,elucas@example.net,DEP002,2.24
STU00693,Gina,Johnson,Female,benjamin10@example.org,DEP004,2.73
STU00694,Laura,Grant,male,,DEP003,3.77
STU00695,Bailey,Perez,Female,rickey76@example.com,DEP005,2.76
STU00696,Leslie,Price,male,nicholsdarlene@example.net,DEP004,2.71
STU00697,Bryan,Reese,F,haynescharles@example.net,DEP001,2.33
STU00698,Daniel,Buchanan,male,,DEP002,2.85
STU00699,Kevin,Miller,male,qjames@example.org,DEP004,3.54
STU00700,Thomas,Ferguson,male,julierobles@example.net,DEP004,2.67
STU00701,Kenneth,Walters,Male,erica50@example.net,DEP005,2.89
STU00702,Nancy,Thomas,M,smithcandice@example.net,DEP001,3.05
STU00703,Amy,Miller,Female,kaitlinberger@example.com,DEP001,2.25
STU00704,Jason,Whitehead,,eugenewalker@example.com,DEP002,2.21
STU00705,James,White,F,yorksarah@example.net,DEP001,5.0
STU00706,Steven,Dunn,F,emily41@example.org,DEP001,3.08
STU00707,Jessica,Freeman,,michael31@example.com,DEP003,2.49
STU00708,Christine,Mccullough,,todd59@example.net,DEP004,3.19
STU00709,Kevin,Silva,Female,lindsey62@example.org,DEP001,3.33
STU00710,Lawrence,Floyd,male,xhill@example.org,DEP003,2.65
STU00711,Erin,Rivera,,wford@example.com,DEP005,2.76
STU00712,Tony,Rodriguez,M,wilkinsonmichele@example.org,DEP005,4.05
STU00713,Patricia,Gonzalez,Male,lunapatricia@example.net,DEP004,2.9
STU00714,Crystal,Hess,Male,nhammond@example.org,DEP002,2.89
STU00715,Andrea,Stephens,Female,jvaldez@example.com,DEP002,2.64
STU00716,Philip,Vance,,dennis88@example.org,DEP002,2.51
STU00717,Randy,Shaw,F,melaniedrake@example.net,DEP001,2.74
STU00718,Gabrielle,Todd,,seanwhite@example.net,DEP001,2.05
STU00719,Donna,Faulkner,,ccrosby@example.org,DEP003,3.67
STU00720,Kathleen,Hall,F,mike03@example.net,DEP003,1.77
STU00721,Rebecca,Ward,,chardin@example.org,DEP004,2.31
STU00722,Tina,Nguyen,,mary49@example.net,DEP003,3.73
STU00723,Ashley,Bennett,F,pdiaz@example.org,DEP004,1.99
STU00724,Zachary,Bennett,Female,zacharygomez@example.com,DEP003,3.3
STU00725,Tommy,Olson,male,shawdon@example.org,DEP004,2.44
STU00726,Jerry,Robertson,M,jason22@example.com,DEP001,3.94
STU00727,Carolyn,Montoya,F,,DEP002,3.28
STU00728,Donna,Perry,F,jennifer77@example.com,DEP004,3.32
STU00729,Jason,Martin,Female,cjohnson@example.org,DEP003,4.02
STU00730,Ashley,Martin,Female,macdonalddylan@example.org,DEP003,3.55
STU00731,Jonathan,White,Male,kgreene@example.net,DEP002,3.37
STU00732,Andrew,Ball,Male,stacey37@example.net,DEP003,2.82
STU00733,Victoria,Dillon,F,jeffreyjenkins@example.org,DEP001,1.84
STU00734,Laura,Hoover,Male,cindydixon@example.org,DEP001,3.34
STU00735,Jennifer,Cooper,,ecarlson@example.org,DEP001,3.37
STU00736,Nicholas,Anderson,,harrismichele@example.net,DEP001,3.73
STU00737,Gabrielle,Serrano,Female,thompsonrachel@example.net,DEP002,2.95
STU00738,Benjamin,Bowers,F,davisdonna@example.net,DEP001,3.53
STU00739,Amber,Smith,M,xboyd@example.org,DEP002,3.4
STU00740,Heidi,Patterson,,yclarke@example.com,DEP002,3.82
STU00741,Brianna,Figueroa,male,colemanjonathan@example.org,DEP004,3.38
STU00742,Renee,Miller,M,ascott@example.net,DEP002,3.85
STU00743,Julia,Smith,F,meyernicholas@example.org,DEP001,2.53
STU00744,Gwendolyn,Stewart,Male,daniel69@example.com,DEP001,2.42
STU00745,Jose,Herrera,F,cheryl63@example.com,DEP002,2.63
STU00746,Andrea,Grant,Female,mitchellpeters@example.com,DEP001,3.01
STU00747,Vanessa,Lane,,qfitzgerald@example.org,DEP001,3.95
STU00748,Julie,Griffin,,craigromero@example.com,DEP002,2.17
STU00749,Lauren,Mendez,,martintamara@example.org,DEP001,2.91
STU00750,Linda,Morrow,Female,bfrost@example.org,DEP001,3.06
STU00751,Caleb,Walker,Male,lynchjenny@example.com,DEP001,4.0
STU00752,Christina,Meyer,M,bautistalori@example.net,DEP002,1.99
STU00753,Troy,Smith,F,james98@example.net,DEP002,3.87
STU00754,Holly,Gilbert,F,warddiana@example.org,DEP001,3.26
STU00755,Christopher,Hill,M,zgomez@example.com,DEP001,3.03
STU00756,Brenda,Holmes,F,calhounandrea@example.net,DEP005,3.08
STU00757,Maria,Herman,F,michael43@example.net,DEP005,2.27
STU00758,Sylvia,Gibson,male,qandrews@example.org,DEP003,3.25
STU00759,Richard,Rodriguez,Female,gordonmatthew@example.org,DEP002,3.14
STU00760,Leah,Frye,male,heather69@example.com,DEP005,2.12
STU00761,Kayla,Todd,,lmaldonado@example.org,DEP003,2.01
STU00762,Timothy,Scott,,oschultz@example.net,DEP002,3.28
STU00763,Jacqueline,Mcbride,F,hmoses@example.net,DEP005,3.11
STU00764,Alec,Collier,male,,DEP002,3.8
STU00765,John,Davis,,,DEP004,3.75
STU00766,Emily,Nicholson,M,spencergregory@example.com,DEP003,3.18
STU00767,Michael,Shannon,M,ian37@example.net,DEP001,3.32
STU00768,James,Moss,Male,jamie33@example.net,DEP004,2.96
STU00769,Michael,Maxwell,,moraemma@example.net,DEP001,3.25
STU00770,Travis,Smith,F,charlesnathan@example.com,DEP003,4.3
STU00771,Travis,Galloway,Female,travis84@example.com,DEP003,3.47
STU00772,Jeffrey,Ray,Male,foxrodney@example.net,DEP001,3.11
STU00773,Antonio,Reed,Male,stephenmartinez@example.net,DEP001,3.83
STU00774,Steve,Norris,Female,,DEP003,2.7
STU00775,Alexander,Clark,Male,nguyenchloe@example.com,DEP004,3.27
STU00776,Jacob,Baker,Female,thomas95@example.com,DEP004,3.53
STU00777,Ivan,Coleman,Male,xhaynes@example.com,DEP001,2.69
STU00778,Melissa,Ramirez,male,ashleykrause@example.net,DEP001,3.54
STU00779,Jeremy,Garcia,Male,linda86@example.com,DEP001,4.14
STU00780,James,Marsh,F,thomassmith@example.com,DEP003,2.59
STU00781,Victor,Cowan,Male,kristen44@example.net,DEP003,3.79
STU00782,Michele,Williams,male,vaughnbrian@example.com,DEP005,3.03
STU00783,Thomas,Soto,F,qgarner@example.com,DEP002,3.67
STU00784,Michael,Grant,,maurice61@example.com,DEP002,3.95
STU00785,Michelle,Mccarty,Male,barbarasantos@example.net,DEP003,4.32
STU00786,Greg,Deleon,,mark87@example.net,DEP001,3.04
STU00787,Sergio,Miller,,steven22@example.net,DEP003,2.99
STU00788,Lindsey,Rogers,Male,esweeney@example.org,DEP002,1.44
STU00789,Fernando,Perez,Female,denise49@example.net,DEP001,3.86
STU00790,Randall,Barron,Male,julie87@example.com,DEP005,1.73
STU00791,Gary,Dickerson,F,jessicastanley@example.net,DEP001,3.77
STU00792,Jackie,Miller,male,randydavis@example.com,DEP002,2.54
STU00793,Amy,Johnson,male,fwarren@example.org,DEP004,2.47
STU00794,Jose,Moore,,pparker@example.net,DEP002,2.65
STU00795,Justin,Sims,F,alisonjackson@example.org,DEP003,4.32
STU00796,Elizabeth,Dalton,M,michelle78@example.com,DEP002,3.42
STU00797,Amy,Taylor,male,brittanybryant@example.net,DEP001,3.21
STU00798,Cynthia,Elliott,Female,regina78@example.org,DEP003,2.28
STU00799,Linda,Ramos,Female,robert24@example.org,DEP004,3.48
STU00800,Aaron,Ochoa,M,mauriceharrison@example.org,DEP001,3.58
STU00801,Gwendolyn,Vasquez,,xevans@example.com,DEP001,3.89
STU00802,Lauren,Harper,Female,kelleyjacob@example.net,DEP003,3.66
STU00803,Samuel,Wright,M,oclayton@example.com,DEP001,3.89
STU00804,Christian,Garrett,,justin84@example.com,DEP002,3.7
STU00805,Jacob,Jones,F,keithwalsh@example.net,DEP005,3.14
STU00806,Shawn,Graves,Female,blopez@example.org,DEP001,3.13
STU00807,Brandon,Nichols,Male,,DEP002,2.64
STU00808,Jacob,Garcia,Female,david70@example.org,DEP004,2.31
STU00809,Christopher,Smith,,matthewcollins@example.com,DEP005,3.71
STU00810,Whitney,Ford,M,riveramegan@example.org,DEP001,3.25
STU00811,Brian,Rowe,,danielshunter@example.com,DEP002,3.03
STU00812,Lisa,Clayton,Male,villegasjennifer@example.com,DEP003,4.2
STU00813,Kelsey,Ramos,Male,gonzalezjill@example.org,DEP005,4.16
STU00814,Adriana,Hendrix,F,tprice@example.com,DEP004,2.31
STU00815,Eric,Chandler,F,kingdanielle@example.org,DEP002,3.02
STU00816,Michael,Williams,Female,teresayoung@example.com,DEP004,3.14
STU00817,Mark,Jackson,male,brenda63@example.org,DEP003,2.88
STU00818,Tanya,Perkins,F,jbarker@example.com,DEP005,2.7
STU00819,Kelli,Wright,F,ndavis@example.com,DEP002,3.04
STU00820,Sarah,Shea,,browndeanna@example.net,DEP005,3.01
STU00821,Amanda,Rodriguez,male,jhall@example.net,DEP004,5.0
STU00822,Katherine,Trujillo,,bquinn@example.net,DEP005,3.13
STU00823,Nicholas,Ramsey,male,rachel77@example.net,DEP004,2.37
STU00824,Kenneth,Terry,M,ashleystephens@example.com,DEP003,2.86
STU00825,Jessica,Hill,M,,DEP004,2.9
STU00826,Marie,Rocha,male,caseymoore@example.com,DEP005,4.89
STU00827,Lori,Weaver,Male,osmith@example.net,DEP002,3.0
STU00828,Nicholas,Lopez,M,harveymichael@example.net,DEP001,3.15
STU00829,John,Le,male,rlee@example.com,DEP004,1.31
STU00830,Katie,Moore,M,marcus51@example.org,DEP002,3.42
STU00831,Alexandra,Jones,,gregoryjohnson@example.org,DEP005,3.84
STU00832,Todd,Garcia,Male,hbarrett@example.net,DEP003,3.85
STU00833,Jacqueline,Scott,male,jeffrey10@example.org,DEP004,2.71
STU00834,Diana,Hebert,male,mcdonalddanielle@example.com,DEP004,3.23
STU00835,Angela,Hurley,male,yshort@example.net,DEP005,3.06
STU00836,Brian,Jensen,F,,DEP005,3.11
STU00837,Allison,Navarro,,christian38@example.org,DEP003,3.35
STU00838,Craig,Hall,Male,,DEP005,2.89
STU00839,Paul,Lee,Male,ashleymeza@example.net,DEP003,2.63
STU00840,Kara,Perry,Male,mirandabarbara@example.net,DEP004,2.46
STU00841,Stephen,Ortega,M,jacksonhenry@example.com,DEP002,2.67
STU00842,William,Sandoval,,umahoney@example.net,DEP004,2.74
STU00843,Victoria,Nguyen,male,robert65@example.net,DEP005,2.65
STU00844,John,Gardner,M,vcannon@example.com,DEP005,3.27
STU00845,Michael,Chavez,,csmith@example.com,DEP002,2.37
STU00846,Caitlin,Holmes,Female,adam33@example.com,DEP005,1.25
STU00847,Andrew,Short,male,,DEP005,4.42
STU00848,Hannah,Hill,M,clintonstevens@example.org,DEP005,3.16
STU00849,Devon,Richardson,F,jesseshepherd@example.org,DEP001,3.89
STU00850,Ashley,Carroll,Female,jessicacummings@example.com,DEP003,3.72
STU00851,Gerald,Petersen,Male,larsonkevin@example.net,DEP003,4.27
STU00852,Lindsey,James,F,,DEP002,3.0
STU00853,Kimberly,Weeks,M,michael66@example.org,DEP001,3.26
STU00854,Molly,Perez,Male,walterscrystal@example.org,DEP004,4.43
STU00855,Kevin,Williams,F,markwolfe@example.org,DEP003,2.72
STU00856,Brent,Dennis,male,wmaddox@example.net,DEP004,3.22
STU00857,Barbara,Davis,,zroberts@example.org,DEP004,2.11
STU00858,David,Miller,Male,kelleyjose@example.com,DEP001,2.83
STU00859,Warren,Ayala,Male,,DEP002,3.59
STU00860,David,Taylor,F,tonypearson@example.org,DEP001,1.57
STU00861,Ann,Shea,Male,johnadams@example.com,DEP005,2.56
STU00862,Marcus,Glass,F,rodriguezrobert@example.com,DEP004,3.39
STU00863,Michael,Flores,F,carrillogary@example.com,DEP001,2.85
STU00864,Christina,Branch,M,chanson@example.org,DEP002,2.25
STU00865,Sandra,Hall,,eric11@example.net,DEP003,3.48
STU00866,Brian,Rush,M,mistywilkins@example.org,DEP001,2.31
STU00867,Matthew,Brock,F,shannon05@example.org,DEP003,3.55
STU00868,Jody,Lewis,Male,ana92@example.net,DEP003,3.44
STU00869,Holly,Smith,F,scottbrian@example.org,DEP001,2.12
STU00870,Kristina,Williamson,Female,marshallsierra@example.org,DEP003,3.78
STU00871,Paul,Nelson,Male,michelle04@example.net,DEP004,2.89
STU00872,Paul,Whitney,F,mckeetodd@example.net,DEP003,3.74
STU00873,Amanda,Lopez,Female,tcastro@example.org,DEP004,3.48
STU00874,Bernard,Nielsen,M,matthew62@example.org,DEP001,2.93
STU00875,Michael,Bell,Female,joel84@example.org,DEP005,3.78
STU00876,Connie,Johns,Male,raymondstacy@example.org,DEP001,3.55
STU00877,Edward,Prince,male,christopherreyes@example.net,DEP005,3.33
STU00878,Cheyenne,Garrett,Female,robertberry@example.com,DEP004,3.3
STU00879,Tara,Browning,male,shane23@example.net,DEP004,2.34
STU00880,Dillon,Weaver,male,michelleparker@example.net,DEP004,2.79
STU00881,Rachel,Browning,,,DEP005,3.67
STU00882,Russell,Stout,male,dianacunningham@example.org,DEP005,4.03
STU00883,Lonnie,Grant,F,whitemary@example.org,DEP002,4.37
STU00884,Jessica,Cannon,Female,tali@example.com,DEP002,3.27
STU00885,Julie,Underwood,,edwin31@example.org,DEP002,3.07
STU00886,Jack,Farmer,male,catherine93@example.net,DEP001,3.76
STU00887,Jesse,Mcdaniel,male,christopher72@example.net,DEP003,3.46
STU00888,Meghan,Harrison,male,jack67@example.com,DEP001,3.22
STU00889,Devin,Lee,male,ortiztanya@example.com,DEP001,2.05
STU00890,Stephanie,Walker,F,katherinejones@example.com,DEP005,2.0
STU00891,Michelle,Burns,Male,michelle36@example.com,DEP005,2.38
STU00892,Kimberly,Franklin,Male,zcortez@example.net,DEP005,4.05
STU00893,Sheila,Armstrong,M,meyershannon@example.org,DEP004,2.02
STU00894,Natalie,Sanchez,male,cterrell@example.net,DEP001,3.33
STU00895,Paul,Hubbard,male,leescott@example.com,DEP004,3.63
STU00896,Kim,Mitchell,Male,robertoaustin@example.org,DEP003,2.92
STU00897,Hannah,Mckee,F,cgallegos@example.org,DEP003,2.79
STU00898,Jennifer,Wilson,Male,phillipmorris@example.org,DEP003,2.5
STU00899,Harold,Garza,,nicoledavis@example.com,DEP002,4.25
STU00900,Heather,Meadows,Female,jennifermartinez@example.org,DEP004,3.09
STU00901,Jasmin,Walters,,millspatrick@example.net,DEP001,2.39
STU00902,Cheryl,Moore,Female,kwilliams@example.com,DEP004,2.93
STU00903,Ariana,Keller,M,fernandothomas@example.net,DEP005,1.82
STU00904,Brett,Parker,Female,,DEP005,2.0
STU00905,Jessica,Woodward,male,courtney12@example.org,DEP001,3.7
STU00906,Adam,Cannon,Female,ellismelissa@example.net,DEP002,3.28
STU00907,Lindsey,Franklin,F,,DEP003,2.55
STU00908,Trevor,Robinson,,cchavez@example.org,DEP003,3.37
STU00909,Carolyn,Smith,,christine83@example.org,DEP001,2.26
STU00910,Jack,Brown,Female,benjamin09@example.net,DEP005,1.32
STU00911,Kenneth,Knapp,F,rodriguezvictoria@example.org,DEP003,3.59
STU00912,Emily,Carr,M,tammycurry@example.com,DEP003,2.99
STU00913,Sarah,Davis,M,,DEP001,1.93
STU00914,Kevin,Richardson,Female,wwilkins@example.com,DEP002,3.63
STU00915,Megan,Brown,,staylor@example.com,DEP004,2.21
STU00916,Mark,Gutierrez,male,,DEP001,2.63
STU00917,Jason,Clark,Female,rodriguezjessica@example.net,DEP001,3.06
STU00918,Allison,Miller,Female,ronald54@example.net,DEP003,2.74
STU00919,Barbara,Hanson,M,christinacrawford@example.net,DEP004,1.93
STU00920,Crystal,Vasquez,M,nicolehall@example.com,DEP002,1.97
STU00921,Tiffany,Smith,male,marshalllaura@example.net,DEP001,3.22
STU00922,Melanie,Marsh,Male,vgutierrez@example.com,DEP003,2.13
STU00923,Ann,Walsh,M,davidsonhannah@example.com,DEP001,2.65
STU00924,Kristy,Parker,F,,DEP003,2.12
STU00925,William,Nguyen,M,wilsonmathew@example.com,DEP003,1.92
STU00926,Jennifer,Gilbert,Female,collierjames@example.com,DEP002,4.02
STU00927,Sandra,Mendoza,male,probles@example.org,DEP003,2.25
STU00928,Timothy,Burton,,steven60@example.net,DEP001,1.64
STU00929,Kevin,Hardy,M,angela03@example.net,DEP004,0.99
STU00930,Gina,Marsh,F,carl24@example.org,DEP005,2.76
STU00931,Matthew,Brooks,Female,ashleyprice@example.net,DEP002,2.12
STU00932,Darryl,Patton,,janet50@example.com,DEP004,3.87
STU00933,Robert,Crawford,male,nathangallegos@example.com,DEP002,2.42
STU00934,Javier,Turner,,brooksbenjamin@example.org,DEP002,2.79
STU00935,Robin,Wallace,,lloydrebecca@example.org,DEP005,3.76
STU00936,James,Mclean,Female,kimberly21@example.net,DEP003,2.72
STU00937,Erica,Anderson,Female,stevensjennifer@example.net,DEP003,2.59
STU00938,Darrell,Collins,F,mcdanielbrooke@example.org,DEP003,2.36
STU00939,Mathew,Small,F,meyerdonna@example.com,DEP004,3.67
STU00940,Andrew,Blake,Male,manuellee@example.com,DEP005,2.15
STU00941,Amanda,Mejia,F,nelsoneric@example.org,DEP005,2.53
STU00942,Alexis,Dean,Male,clarkmichael@example.com,DEP004,2.29
STU00943,Joseph,Harding,Female,audrey21@example.com,DEP002,2.87
STU00944,Christina,Morgan,M,bwilliams@example.com,DEP005,4.61
STU00945,Rebecca,Williams,Female,bbrown@example.com,DEP002,1.72
STU00946,Harold,Carlson,Male,tjensen@example.com,DEP002,2.91
STU00947,Lisa,Marquez,F,beltrankatelyn@example.com,DEP002,3.22
STU00948,Ashley,Davis,male,tdavis@example.net,DEP004,3.27
STU00949,Deanna,Miranda,Female,ohall@example.org,DEP004,1.81
STU00950,Michelle,Jensen,F,philip55@example.com,DEP004,2.86
STU00951,Tony,Jones,Female,bellsteven@example.org,DEP001,3.13
STU00952,Justin,Bailey,M,williamsullivan@example.net,DEP005,3.38
STU00953,Laura,Nguyen,,sparksamanda@example.com,DEP002,3.98
STU00954,Brittany,Allen,,amydickson@example.com,DEP003,3.47
STU00955,Carl,Clark,male,bmueller@example.net,DEP001,3.5
STU00956,Kristin,Stephens,Male,gilbertcaldwell@example.net,DEP003,2.18
STU00957,Sarah,Andrews,male,mwilson@example.com,DEP002,3.23
STU00958,Mark,Davis,M,zthompson@example.org,DEP004,2.71
STU00959,Carmen,Jennings,F,,DEP002,3.35
STU00960,Candace,Wilkins,,troy01@example.org,DEP002,2.91
STU00961,Lisa,Clay,Female,shermandonna@example.com,DEP001,2.07
STU00962,Amanda,Price,F,rgonzalez@example.com,DEP003,3.13
STU00963,Kevin,Bauer,male,samantha65@example.org,DEP001,2.03
STU00964,Brandi,Carr,,sabbott@example.org,DEP001,2.73
STU00965,Mike,Dunn,F,smithann@example.com,DEP003,2.32
STU00966,Daniel,Campbell,F,youngjacqueline@example.com,DEP002,2.67
STU00967,Colleen,Joseph,M,ijames@example.org,DEP001,2.07
STU00968,Elaine,Wells,,angelabridges@example.com,DEP005,2.7
STU00969,Mary,Moore,Male,dennisjones@example.org,DEP005,2.77
STU00970,Douglas,Dyer,Male,iproctor@example.org,DEP001,2.04
STU00971,Derrick,Shaffer,M,senglish@example.net,DEP002,3.01
STU00972,Sarah,Hanson,M,jhicks@example.com,DEP003,3.47
STU00973,Paul,Perez,Female,kjacobs@example.com,DEP004,3.75
STU00974,Melanie,Young,M,robert89@example.com,DEP001,2.28
STU00975,Arthur,Johnson,male,hbush@example.net,DEP002,1.66
STU00976,Timothy,Vaughn,Male,jessicafox@example.com,DEP001,2.95
STU00977,Steven,Miller,M,sanchezcrystal@example.net,DEP004,2.68
STU00978,Susan,Miller,M,chloe58@example.org,DEP001,3.35
STU00979,Taylor,Hunt,Male,vberry@example.com,DEP003,3.25
STU00980,Michael,Levine,,keith09@example.net,DEP001,3.98
STU00981,Kevin,Glover,Male,,DEP002,3.66
STU00982,Jorge,Soto,,ashleydouglas@example.com,DEP003,2.53
STU00983,Lisa,Weber,male,todd28@example.org,DEP001,3.59
STU00984,Melissa,Ramirez,M,christinahill@example.com,DEP002,3.53
STU00985,Alexis,Rodriguez,F,reneestevenson@example.net,DEP004,3.46
STU00986,Sean,Morton,,kimberly37@example.org,DEP004,2.26
STU00987,Lauren,Atkins,Male,tracey29@example.org,DEP001,1.99
STU00988,Mary,Mullins,Female,ptownsend@example.net,DEP005,2.1
STU00989,Scott,Walsh,F,beckywilkinson@example.org,DEP004,3.1
STU00990,Dawn,Campos,M,williamssteven@example.com,DEP002,2.19
STU00991,Kevin,Reese,F,noahthornton@example.com,DEP001,3.09
STU00992,Jose,Moreno,M,zsmith@example.com,DEP001,2.7
STU00993,Patrick,Stewart,,davisamanda@example.com,DEP005,1.99
STU00994,Stephanie,Reynolds,Female,matthew41@example.com,DEP003,1.94
STU00995,Destiny,Myers,male,jessicachapman@example.org,DEP002,2.87
STU00996,April,Byrd,F,lawrencesmith@example.org,DEP004,3.78
STU00997,Marie,Smith,male,,DEP002,4.05
STU00998,Connor,Garcia,male,ubell@example.com,DEP004,3.19
STU00999,Johnathan,Johnson,F,brownbrooke@example.org,DEP003,2.8
