Name,Discounted Price,Actual Price,Saving(%),Rating,Reviews,Brand,Core,SSD,Model
Apple MacBook Air 13 M1 MGN63 (8GB-256GB),203499.0,258000.0,21,5,2,Apple,M1,256GB,MacBook Air 13 M1 MGN63
Apple Macbook Air 13 MW123 M4 Chip,281999.0,350000.0,19,4,5,Apple,M4,256GB,Macbook Air 13 MW123 M4 Chip
ASUS Zenbook 14 UX3405CA Intel Core Ultra 7 255H (16GB-512GB SSD),285999.0,330000.0,13,0,0,Asus,Ultra 7,512GB,Zenbook 14 UX3405CA Intel Core Ultra 7 255H
Lenovo ThinkPad E16 Gen 2 - Intel Core Ultra 7 (16GB-512GB),287999.0,340000.0,15,0,0,Lenovo,Ultra 7,512GB,ThinkPad E16 Gen 2 - Intel Core Ultra 7
Lenovo IdeaPad Slim 3 Ryzen 7 (8GB-512GB),146999.0,175000.0,16,0,0,Lenovo,Ryzen 7,512GB,IdeaPad Slim 3 Ryzen 7
HP 250 G10 Ci3 N305 (8GB-512GB SSD),115999.0,144999.0,20,0,0,Hp,Core i3,512GB,250 G10 Ci3 N305
Dell Latitude 3540 Ci5-1335U (8GB-256GB SSD) 15.6 FHD,169999.0,249999.0,32,5,1,Dell,Core i5,256GB,Latitude 3540 Ci5-1335U  15.6 FHD
Dell Latitude 15 5540 15.6 Inches 13th Gen Core i7 DOS (8GB - 512GB),343999.0,415000.0,17,0,0,Dell,Core i7,512GB,Latitude 15 5540 15.6 Inches 13th Gen Core i7 DOS
Dell Latitude 15 3540 15.6 Inches 13th Gen Core i7 DOS (8GB - 512GB),251999.0,320000.0,21,0,0,Dell,Core i7,512GB,Latitude 15 3540 15.6 Inches 13th Gen Core i7 DOS
Lenovo IdeaPad Slim 3 Core i5 13th Gen,134999.0,174999.0,23,5,2,Lenovo,Core i5,512GB,IdeaPad Slim 3 Core i5 13th Gen
HP Probook 450 G10 Core i5 13th Gen 1335U,179999.0,200000.0,10,3,1,Hp,Core i5,512GB,Probook 450 G10 Core i5 13th Gen 1335U
Lenovo ThinkPad E16 G1 14 Inches 13th Gen Core i7 (8GB - 512GB),277999.0,300000.0,7,0,0,Lenovo,Core i7,512GB,ThinkPad E16 G1 14 Inches 13th Gen Core i7
Lenovo LOQ 15  Inches 13th Gen Core i7 (16GB - 512GB),324999.0,380000.0,14,0,0,Lenovo,Core i7,512GB,LOQ 15  Inches 13th Gen Core i7
HP 15s FQ2653TU 11th Gen  Core i7 (8GB-512GB),160999.0,180000.0,11,0,0,Hp,Core i7,512GB,15s FQ2653TU 11th Gen  Core i7
HP OMEN 16-WD0073dx Ci7-13620H (16GB - 1TB) RTX-4060-8GB,365999.0,390000.0,6,0,0,Hp,Core i7,1TB,OMEN 16-WD0073dx Ci7-13620H  RTX-4060-8GB
HP Spectre 16-AA0013dx Ultra 7 155U (16GB 1TB) 16WQXGA,469999.0,520000.0,10,0,0,Hp,Ultra 7,1TB,Spectre 16-AA0013dx Ultra 7 155U  16WQXGA
HP ProBook 460 G11 Notebook PC | Intel® Core™ Ultra 7 Processor 155U (8GB-512GB),251999.0,310000.0,19,0,0,Hp,Ultra 7,512GB,ProBook 460 G11 Notebook PC | Intel® Core™ Ultra 7 Processor 155U
HP OMEN 16-AP0167AX R9-8940HX (16GB - 512GB) RTX-5060-8GB,419999.0,499999.0,16,0,0,Hp,Ryzen 9,512GB,OMEN 16-AP0167AX R9-8940HX  RTX-5060-8GB
Lenovo ThinkPad E14 Intel Core Ultra 5 (8GB-512GB),244999.0,295000.0,17,0,0,Lenovo,Ultra 5,512GB,ThinkPad E14 Intel Core Ultra 5
HP 15-FD0499NIA Ci5-1334U (8GB 512GB SSD),143999.0,180000.0,20,0,0,Hp,Core i5,512GB,15-FD0499NIA Ci5-1334U
HP Probook 440 G10 13th Gen Core i5-1335U,187999.0,250000.0,25,0,0,Hp,Core i5,1TB,Probook 440 G10 13th Gen Core i5-1335U
HP Envy 16 H1010TX Gen 13th Core i7,411999.0,450000.0,8,0,0,Hp,Core i7,512GB,Envy 16 H1010TX Gen 13th Core i7
Dell Inspiron 14 7440 2 in 1 Intel Core 5 120U,181999.0,250000.0,27,0,0,Dell,Core 5,512GB,Inspiron 14 7440 2 in 1 Intel Core 5 120U
HP Elitebook 640 G11 Ultra 5 125U,252999.0,280000.0,10,0,0,Hp,Ultra 5,512GB,Elitebook 640 G11 Ultra 5 125U
"HP Spectre 14-EU0000 Ultra 7 (32GB, 2TB SSD) OLED Plus HP PEN",519999.0,550000.0,5,0,0,Hp,Ultra 7,2TB,Spectre 14-EU0000 Ultra 7  OLED Plus HP PEN
Infinix INBOOK Air (XL442) Core i3 1215U (8GB - 256GB),119999.0,129999.0,8,0,0,Infinix,Core i3,256GB,INBOOK Air
HP Probook 450 G10 Raptor Lake 13th Gen Core i5 1334U 8GB-512GB SSD,179999.0,199999.0,10,0,0,Hp,Core i5,512GB,Probook 450 G10 Raptor Lake 13th Gen Core i5 1334U 8GB-512GB SSD
Acer Nitro V15 13th Gen Core i7-13620H (16GB-512GB SSD),260999.0,289999.0,10,0,0,Acer,Core i7,512GB,Nitro V15 13th Gen Core i7-13620H
DELL LATTITUDE 5550 14TH GEN Core Ultra 7 155U (8GB-512GB SSD),359999.0,379999.0,5,0,0,Dell,Ultra 7,512GB,LATTITUDE 5550 14TH GEN Core Ultra 7 155U
LENOVO THINKPAD E14 G4 13TH GEN Intel Core I7 1355U (8GB-512GB SSD),267999.0,280000.0,4,0,0,Lenovo,Core i7,512GB,THINKPAD E14 G4 13TH GEN Intel Core I7 1355U
Lenovo legion 5 14th core i7 14650hx (16GB-1TB) DOS,431999.0,450000.0,4,0,0,Lenovo,Core i7,1TB,legion 5 14th core i7 14650hx  DOS
Dell Latitude 3550 Raptor Lake 13th Gen Core i7 1355U (8GB-512GB SSD),249999.0,304999.0,18,0,0,Dell,Core i7,512GB,Latitude 3550 Raptor Lake 13th Gen Core i7 1355U
HP OmniBook 14 FM0013DX Core Ultra 5 226V (16GB-512GB SSD),215999.0,270000.0,20,0,0,Hp,Ultra 5,512GB,OmniBook 14 FM0013DX Core Ultra 5 226V
LENOVO LOQ 15 CI7-14650HX,401999.0,449000.0,10,0,0,Lenovo,Core i7,1TB,LOQ 15 CI7-14650HX
HP OmniBook X Flip 14-FM0023DX Core Ultra 7 256V (16GB-1TB SSD),259999.0,290000.0,10,0,0,Hp,Ultra 7,1TB,OmniBook X Flip 14-FM0023DX Core Ultra 7 256V
ASUS TUF GAMING F15-FX507VU Ci7-13620H (16GB-512GB SSD) RTX 4050 6GB,319999.0,365000.0,12,0,0,Asus,Core i7,512GB,TUF GAMING F15-FX507VU Ci7-13620H  RTX 4050 6GB
Lenovo Legion Pro 7 Ultra 9-275HX (32GB-2TB SSD) RTX 5070Ti 12GB 240Hz,992999.0,1040000.0,5,0,0,Lenovo,Ultra 9,2TB,Legion Pro 7 Ultra 9-275HX  RTX 5070Ti 12GB 240Hz
ASUS TUF F16 FX608JMR Ci7 14650HX (32GB-1TB SSD) RTX 5060 8GB,444999.0,475000.0,6,0,0,Asus,Core i7,1TB,TUF F16 FX608JMR Ci7 14650HX  RTX 5060 8GB
Lenovo ThinkBook 16 G7 Ryzen 5-7533HS (16GB-512GB SSD),167999.0,200000.0,16,0,0,Lenovo,Ryzen 5,512GB,ThinkBook 16 G7 Ryzen 5-7533HS
Lenovo Legion 5 16IAX10 Core Ultra 9-275HX (32GB-1TB SSD) RTX 5060 8GB,493999.0,550000.0,10,0,0,Lenovo,Ultra 9,1TB,Legion 5 16IAX10 Core Ultra 9-275HX  RTX 5060 8GB
HP 15-FD0647TU Ci5-1334U (8GB-512GB SSD),145999.0,200000.0,27,0,0,Hp,Core i5,512GB,15-FD0647TU Ci5-1334U
HP OMNIBOOK ULTRA FLIP 14-FH0033DX ULTRA 9-288V (32GB-2TB SSD),504999.0,545000.0,7,0,0,Hp,Ultra 9,2TB,OMNIBOOK ULTRA FLIP 14-FH0033DX ULTRA 9-288V
HP Laptop EQ2180AU 15.6 Inches AMD Ryzen 5 (8GB RAM - 512GBSSD),194999.0,219999.0,11,0,0,Hp,Ryzen 5,512GB,Laptop EQ2180AU 15.6 Inches AMD Ryzen 5
Lenovo ThinkPad E15 G4 15.6 Inches 12th Gen Core i7 Backlit Keyboard DOS (8GB - 512GB),242999.0,299999.0,19,0,0,Lenovo,Core i7,512GB,ThinkPad E15 G4 15.6 Inches 12th Gen Core i7 Backlit Keyboard DOS
HP Probook 450 G9 15.6 Inches 12th Gen Core i7 DOS (8GB - 512GB) Local,194999.0,299999.0,35,5,1,Hp,Core i7,512GB,Probook 450 G9 15.6 Inches 12th Gen Core i7 DOS  Local
HP Pavilion X360 14 EK1055TU 14 Inches 13th Gen Core i5 Win 11 Home (8GB - 512GB),199999.0,299999.0,33,0,0,Hp,Core i5,512GB,Pavilion X360 14 EK1055TU 14 Inches 13th Gen Core i5 Win 11 Home
HP Pavilion 15 EG3002TX 15.6 Inches 13th Gen Core i5 Win 11 (8GB - 512GB),258999.0,324999.0,20,0,0,Hp,Core i5,512GB,Pavilion 15 EG3002TX 15.6 Inches 13th Gen Core i5 Win 11
HP Envy 16 H1008TX 16 Inches 13th Gen Core i5 Win 11 (16GB - 512GB),409999.0,449999.0,9,0,0,Hp,Core i5,512GB,Envy 16 H1008TX 16 Inches 13th Gen Core i5 Win 11
Apple Macbook Pro MRX33 M3 Pro 14 (18GB-512GB) Black,554999.0,600000.0,8,0,0,Apple,M3,512GB,Macbook Pro MRX33 M3 Pro 14  Black
Apple MACBOOK AIR 13.6” M2 CHIP MLY43 8-512GB,354999.0,400000.0,11,0,0,Apple,M2,512GB,MACBOOK AIR 13.6” M2 CHIP MLY43 8-512GB
Lenovo ThinkBook16 - Ci5-1335U (8GB 512GB),161599.0,225000.0,28,0,0,Lenovo,Core i5,512GB,ThinkBook16 - Ci5-1335U
HP Spectre 14-EU0008NI Ultra 7 (16GB 1TB) Oled Plus HP PEN,464999.0,480000.0,3,0,0,Hp,Ultra 7,1TB,Spectre 14-EU0008NI Ultra 7  Oled Plus HP PEN
HP ProBook 440 G10 13th Gen Core i5 14 inches (8GB-512GB),187999.0,200000.0,6,0,0,Hp,Core i5,512GB,ProBook 440 G10 13th Gen Core i5 14 inches
HP ENVY 14-ES1013DX 14th Gen Core 5 120U (8GB-512GB SSD) x360 Touch,169999.0,200000.0,15,5,1,Hp,Core 5,512GB,ENVY 14-ES1013DX 14th Gen Core 5 120U  x360 Touch
Lenovo ThinkPad E14 G5 13th Gen Core i7 1355U (8GB-512GB),285999.0,310000.0,8,0,0,Lenovo,Core i7,512GB,ThinkPad E14 G5 13th Gen Core i7 1355U
HP Spectre 2-in-1 X360 16-F2013DX 13th Gen Core i7,346999.0,380000.0,9,0,0,Hp,Core i7,1TB,Spectre 2-in-1 X360 16-F2013DX 13th Gen Core i7
Dell Vostro 15 3530 13th Gen Core i5 1334u,142999.0,180000.0,21,5,1,Dell,Core i5,512GB,Vostro 15 3530 13th Gen Core i5 1334u
Lenovo ThinkPad E16 Gen 2 - Intel Core Ultra 5 (8GB-512GB),243999.0,275000.0,11,0,0,Lenovo,Ultra 5,512GB,ThinkPad E16 Gen 2 - Intel Core Ultra 5
Lenovo Thinkpad  T14 13th Gen Core I7 DOS,388999.0,400000.0,3,0,0,Lenovo,Core i7,512GB,Thinkpad  T14 13th Gen Core I7 DOS
HP Probook 440 G11 Ultra 7 155u,227999.0,275000.0,17,0,0,Hp,Ultra 7,512GB,Probook 440 G11 Ultra 7 155u
Infinix INBOOK Y3H Plus (YL513H) Core i5 12450H (16GB - 512GB),159999.0,169999.0,6,0,0,Infinix,Core i5,512GB,INBOOK Y3H Plus
HP VICTUS 15-FB3093DX  R7-7445HS (16GB 512GB) RTX-4050-6GB,244999.0,288999.0,15,0,0,Hp,Ryzen 7,512GB,VICTUS 15-FB3093DX  R7-7445HS  RTX-4050-6GB
HP OMNIBOOK 14 FP0023DX Core 7 150U (16GB-512GB),217999.0,255000.0,15,0,0,Hp,Core 7,512GB,OMNIBOOK 14 FP0023DX Core 7 150U
Lenovo IdeaPad Slim 5 Ultra 5 125H (16GB-512GB) DOS,199999.0,224999.0,11,0,0,Lenovo,Ultra 5,512GB,IdeaPad Slim 5 Ultra 5 125H  DOS
Lenovo IdeaPad Slim 5 Ultra 7 155H (16GB-512GB) DOS,256999.0,280000.0,8,0,0,Lenovo,Ultra 7,512GB,IdeaPad Slim 5 Ultra 7 155H  DOS
Lenovo loq 15 13th Core i7 13650hx (24GB-512GB) DOS,324999.0,355000.0,8,5,1,Lenovo,Core i7,512GB,loq 15 13th Core i7 13650hx  DOS
HP Laptop 15-FD0532NIA Intel Core i3-1315U 13th Gen (4GB-256GB),110999.0,119000.0,7,5,1,Hp,Core i3,256GB,Laptop 15-FD0532NIA Intel Core i3-1315U 13th Gen
LENOVO LOQ 15 Ci7 13650HX,300999.0,349000.0,14,0,0,Lenovo,Core i7,512GB,LOQ 15 Ci7 13650HX
LENOVO LOQ 15 Core i7 14650HX,376999.0,424999.0,11,0,0,Lenovo,Core i7,512GB,LOQ 15 Core i7 14650HX
"HP 15S-FQ5000NIA Ci3-1215U (4GB, 256GB SSD)",101999.0,149000.0,32,0,0,Hp,Core i3,256GB,15S-FQ5000NIA Ci3-1215U
Lenovo Legion 5 Ci7-14650HX (16GB-1TB SSD) RTX 4050 6GB,381999.0,429999.0,11,0,0,Lenovo,Core i7,1TB,Legion 5 Ci7-14650HX  RTX 4050 6GB
Lenovo Legion Pro 5 Ultra 9-275HX (32GB-1TB SSD) RTX 5070 8GB,696999.0,745000.0,6,0,0,Lenovo,Ultra 9,1TB,Legion Pro 5 Ultra 9-275HX  RTX 5070 8GB
ASUS TUF GAMING F15-FX507VV Ci7-13620H (16GB-512GB SSD) RTX 4060 8GB,359999.0,400000.0,10,0,0,Asus,Core i7,512GB,TUF GAMING F15-FX507VV Ci7-13620H  RTX 4060 8GB
ASUS TUF GAMING A14 FA-401WU RYZEN AI 9 HX370 (32GB-1TB SSD) RTX 4050 6GB,501999.0,549000.0,9,0,0,Asus,Ryzen AI 9,1TB,TUF GAMING A14 FA-401WU RYZEN AI 9 HX370  RTX 4050 6GB
ASUS EXPERTBOOK B3402FBA Ci5 1235U (8GB-512GB SSD),169999.0,230000.0,26,0,0,Asus,Core i5,512GB,EXPERTBOOK B3402FBA Ci5 1235U
Asus ExpertBook B3402FVA Ci7 1355U (16GB-512GB SSD),209999.0,260000.0,19,0,0,Asus,Core i7,512GB,ExpertBook B3402FVA Ci7 1355U
Lenovo ThinkPad E16 G3 Ultra 7 255H (16GB-512GB SSD),293999.0,340000.0,14,0,0,Lenovo,Ultra 7,512GB,ThinkPad E16 G3 Ultra 7 255H
Dell Alienware 16X Aurora AC16251 Ultra 9-275HX (16GB-1TB SSD) RTX 5070 8GB,645999.0,750000.0,14,0,0,Dell,Ultra 9,1TB,Alienware 16X Aurora AC16251 Ultra 9-275HX  RTX 5070 8GB
HP 15 FD0647TU 13th Generation Ci5-1334U (8GB-512GB SSD),139999.0,170000.0,18,0,0,Hp,Core i5,512GB,15 FD0647TU 13th Generation Ci5-1334U
HP OMNIBOOK X FLIP 16-AS0043DX ULTRA 9-288V (32GB-2TB SSD),403999.0,445000.0,9,0,0,Hp,Ultra 9,2TB,OMNIBOOK X FLIP 16-AS0043DX ULTRA 9-288V
Lenovo ThinkPad E14 G4 14 Inches 12th Gen Core i7 DOS (8GB - 512GB),230999.0,309999.0,25,0,0,Lenovo,Core i7,512GB,ThinkPad E14 G4 14 Inches 12th Gen Core i7 DOS
HP ProBook 450 G9 15.6 Inches 12th Gen Core i5 DOS (8GB - 512GB),199999.0,239999.0,17,0,0,Hp,Core i5,512GB,ProBook 450 G9 15.6 Inches 12th Gen Core i5 DOS
HP ProBook 450 G9 15.6 Inches 12th Gen Core i5 Backlit Keyboard DOS,179999.0,210000.0,14,5,1,Hp,Core i5,512GB,ProBook 450 G9 15.6 Inches 12th Gen Core i5 Backlit Keyboard DOS
HP ProBook 450 G9 15.6 Inches 12th Gen Core i7 DOS (8GB - 512GB) International,186999.0,259999.0,28,0,0,Hp,Core i7,512GB,ProBook 450 G9 15.6 Inches 12th Gen Core i7 DOS  International
Lenovo Thinkbook 15 G2 1135G7 15.6 Inches 11th Gen Core i5 DOS (8GB - 1TB),204999.0,219999.0,7,0,0,Lenovo,Core i5,1TB,Thinkbook 15 G2 1135G7 15.6 Inches 11th Gen Core i5 DOS
HP 15s FC0100AU 15.6 Inches AMD Ryzen 5 7520U Win 11 (8GB - 512GB),191999.0,234999.0,18,0,0,Hp,Ryzen 5,512GB,15s FC0100AU 15.6 Inches AMD Ryzen 5 7520U Win 11
Lenovo V15 G3-Ci5 12th (8GB 512GB SSD),132999.0,199999.0,34,0,0,Lenovo,Core i5,512GB,V15 G3-Ci5 12th
HP 250 G10 Raptor Lake 13th Gen Core i5 (8GB-512GB SSD),148999.0,185000.0,19,0,0,Hp,Core i5,512GB,250 G10 Raptor Lake 13th Gen Core i5
HP Probook 450 G10 13th Gen Core i7 (8GB-512GB),214999.0,240000.0,10,0,0,Hp,Core i7,512GB,Probook 450 G10 13th Gen Core i7
Lenovo ThinkBook 16 Ci3-1305U (8GB-512GB SSD),127999.0,200000.0,36,0,0,Lenovo,Core i3,512GB,ThinkBook 16 Ci3-1305U
Lenovo ThinkbooK 14 13th Core i5,165488.0,200000.0,17,0,0,Lenovo,Core i5,512GB,ThinkbooK 14 13th Core i5
Lenovo Thinkbook 14 14th Gen Core 7 8GB/512GB,225999.0,300000.0,25,0,0,Lenovo,Core 7,512GB,Thinkbook 14 14th Gen Core 7 8GB/512GB
Lenovo V15 G4 Core i5 13th Generation,145999.0,150000.0,3,0,0,Lenovo,Core i5,512GB,V15 G4 Core i5 13th Generation
HP EliteBook 640 G10 13th Gen Core i7 14 inches (16GB-512GB),247999.0,300000.0,17,0,0,Hp,Core i7,512GB,EliteBook 640 G10 13th Gen Core i7 14 inches
Lenovo Ideapad Slim 3 13th Gen Core i7 DOS(16GB-512GB),168999.0,200000.0,16,0,0,Lenovo,Core i7,512GB,Ideapad Slim 3 13th Gen Core i7 DOS
Lenovo ThinkPad E16 G1 14 Inches 13th Gen Core i5  (8GB - 512GB),237999.0,250000.0,5,0,0,Lenovo,Core i5,512GB,ThinkPad E16 G1 14 Inches 13th Gen Core i5
Lenovo ThinkPad E16 G1 15.6 Inches 13th Gen Core i5 (8GB - 512GB),237999.0,250000.0,5,0,0,Lenovo,Core i5,512GB,ThinkPad E16 G1 15.6 Inches 13th Gen Core i5
HP EliteBook 640 G10 13th Gen Core i5 14 inches (8GB-512GB),199999.0,230000.0,13,0,0,Hp,Core i5,512GB,EliteBook 640 G10 13th Gen Core i5 14 inches
HP ENVY x360 14 ES1023dx 14th Gen Core 7 (16GB-512GB),233999.0,250000.0,6,0,0,Hp,Core 7,512GB,ENVY x360 14 ES1023dx 14th Gen Core 7
HP Laptop 15-fd0356nia  Core™ i5 DOS (8GB-512GB),141999.0,200000.0,29,0,0,Hp,Core i5,512GB,Laptop 15-fd0356nia  Core™ i5 DOS
Lenovo Yoga 7 2 in 1 16 - Intel Core Ultra 7 (16GB-1TB),261999.0,370000.0,29,0,0,Lenovo,Ultra 7,1TB,Yoga 7 2 in 1 16 - Intel Core Ultra 7
Dell Latitude 3540 Ci5-1335U (8GB-256GB SSD),171999.0,200000.0,14,0,0,Dell,Core i5,256GB,Latitude 3540 Ci5-1335U
Dell Inspiron 14-7440 CORE7 150U,221999.0,290000.0,23,0,0,Dell,Core 7,512GB,Inspiron 14-7440 CORE7 150U
ASUS EXPERTBOOK B1503CVA Ci7 1355U (16GB-512GB SSD),181999.0,200000.0,9,0,0,Asus,Core i7,512GB,EXPERTBOOK B1503CVA Ci7 1355U
HP PROBOOK 440 G11 Ultra 5 125u,216999.0,235000.0,8,0,0,Hp,Ultra 5,512GB,PROBOOK 440 G11 Ultra 5 125u
Lenovo ThinkBook 16 Ultra 7 255H (8GB-512GB SSD),251999.0,280000.0,10,0,0,Lenovo,Ultra 7,512GB,ThinkBook 16 Ultra 7 255H
HP OMEN 16-AE0073CL Ci7-14650HX (32GB - 1TB) RTX-4060-8GB,433999.0,460000.0,6,0,0,Hp,Core i7,1TB,OMEN 16-AE0073CL Ci7-14650HX  RTX-4060-8GB
ASUS ROG STRIX G614J 13TH CI7 13650HX (32GB-1TB SSD),378999.0,399999.0,5,0,0,Asus,Core i7,1TB,ROG STRIX G614J 13TH CI7 13650HX
Dell Latitude 5450 14th Gen Core Ultra 7 (8GB-512GB SSD),327999.0,369999.0,11,0,0,Dell,Ultra 7,512GB,Latitude 5450 14th Gen Core Ultra 7
DELL LATTITUDE 5550 14TH GEN Core Ultra 5 125U (8GB-512GB SSD),304999.0,340000.0,10,0,0,Dell,Ultra 5,512GB,LATTITUDE 5550 14TH GEN Core Ultra 5 125U
Lenovo IdeaPad Slim 5 2in1 Core i513420H (16GB-512GB) DOS,221999.0,250000.0,11,0,0,Lenovo,Core i5,512GB,IdeaPad Slim 5 2in1 Core i513420H  DOS
HP 15S FC0298AU Notebook AMD Ryzen 5 7430U,133999.0,140500.0,5,5,1,Hp,Ryzen 5,512GB,15S FC0298AU Notebook AMD Ryzen 5 7430U
ASUS Zenbook 14 UX3405C Intel Core Ultra 9 285H (32GB-1TB SSD),389999.0,499999.0,22,0,0,Asus,Ultra 9,1TB,Zenbook 14 UX3405C Intel Core Ultra 9 285H
HP OMNIBOOK  X Flip 16-AS0023DX Core Ultra 7 256V (16GB 1TB SSD),259999.0,290000.0,10,0,0,Hp,Ultra 7,1TB,OMNIBOOK  X Flip 16-AS0023DX Core Ultra 7 256V
LENOVO LEGION PRO 5 Ci9-14900HX (32GB-1TB SSD) RTX 4070 8GB,629999.0,699999.0,10,0,0,Lenovo,Core i9,1TB,LEGION PRO 5 Ci9-14900HX  RTX 4070 8GB
Lenovo Legion Pro 5 Ultra 7-255HX (32GB-1TB SSD) RTX 5060 8GB,622999.0,670000.0,7,0,0,Lenovo,Ultra 7,1TB,Legion Pro 5 Ultra 7-255HX  RTX 5060 8GB
ASUS TUF GAMING F17 FX707VU Ci7-13620H (16GB-512GB SSD) RTX 4050 6GB,327999.0,375000.0,13,0,0,Asus,Core i7,512GB,TUF GAMING F17 FX707VU Ci7-13620H  RTX 4050 6GB
ACER PREDATOR HELIOS 18 AI Core Ultra 9 275HX (64GB-1TB SSD) RTX 5080 16GB,995999.0,1050000.0,5,0,0,Acer,Ultra 9,1TB,PREDATOR HELIOS 18 AI Core Ultra 9 275HX  RTX 5080 16GB
ASUS ROG STRIX G16 G615JMR Ci7 14650HX (16GB-1TB SSD) RTX 5060 8GB,449999.0,570000.0,21,0,0,Asus,Core i7,1TB,ROG STRIX G16 G615JMR Ci7 14650HX  RTX 5060 8GB
Asus Expertbook B1403CVA Ci7 13620H (16GB-1TB SSD),194999.0,245000.0,20,0,0,Asus,Core i7,1TB,Expertbook B1403CVA Ci7 13620H
Lenovo ThinkPad E14 G8 U5-225H (8GB-512GB SSD),244999.0,300000.0,18,0,0,Lenovo,Ultra 5,512GB,ThinkPad E14 G8 U5-225H
Lenovo ThinkPad T14 G6 Ultra 7 225U (16GB-512GB SSD),414999.0,485000.0,14,0,0,Lenovo,Ultra 7,512GB,ThinkPad T14 G6 Ultra 7 225U
Acer Predator Helios Neo 16 AI PHN16-73-97SP Gaming Notebook (16GB-1TB SSD),502999.0,599999.0,16,0,0,Acer,Ultra 9,1TB,Predator Helios Neo 16 AI PHN16-73-97SP Gaming Notebook
ASUS TUF F16 FX608LM Ultra 9-275HX (32GB-1TB SSD) RTX 5060 8GB,549999.0,600000.0,8,0,0,Asus,Ultra 9,1TB,TUF F16 FX608LM Ultra 9-275HX  RTX 5060 8GB
Asus VivoBook 15 x1504VA Ci5 1335U (8GB-512GB SSD),149999.0,200000.0,25,0,0,Asus,Core i5,512GB,VivoBook 15 x1504VA Ci5 1335U
Lenovo Legion 5 Ci9-14900HX (32GB-1TB SSD) RTX 5070 8GB,599999.0,650000.0,8,0,0,Lenovo,Core i9,1TB,Legion 5 Ci9-14900HX  RTX 5070 8GB
HP Victus 15-FA2787NR Core i7-13620H Gaming Laptop (16GB-512GB SSD) RTX 5060 8GB,351999.0,380000.0,7,0,0,Hp,Core i7,512GB,Victus 15-FA2787NR Core i7-13620H Gaming Laptop  RTX 5060 8GB
HP Victus 15-FA2209TX Ci7 14650HX (16GB-512GB SSD) RTX-4050-6GB,337999.0,390000.0,13,0,0,Hp,Core i7,512GB,Victus 15-FA2209TX Ci7 14650HX  RTX-4050-6GB
Apple Macbook Air 13 MW0W3 M4,286999.0,299999.0,4,0,0,Apple,M4,256GB,Macbook Air 13 MW0W3 M4
Lenovo Thinkbook 15 G2 15.6 Inches 11th Gen Core i7 DOS (8GB - 256GB),176999.0,249999.0,29,0,0,Lenovo,Core i7,256GB,Thinkbook 15 G2 15.6 Inches 11th Gen Core i7 DOS
Lenovo Thinkbook 15 G2 15.6 Inches 11th Gen Core i7 DOS (8GB - 1TB),202999.0,254999.0,20,0,0,Lenovo,Core i7,1TB,Thinkbook 15 G2 15.6 Inches 11th Gen Core i7 DOS
Lenovo ThinkPad X1 Carbon G12 Ultra 7 (32GB-512GB SSD),549999.0,609999.0,10,0,0,Lenovo,Ultra 7,512GB,ThinkPad X1 Carbon G12 Ultra 7
HP Pavilion 15 EG3020TX 15.6 Inches 13th Gen Core i7 Win 11 (16GB - 512GB),339999.0,369999.0,8,0,0,Hp,Core i7,512GB,Pavilion 15 EG3020TX 15.6 Inches 13th Gen Core i7 Win 11
HP VICTUS 15-FA2093DX Ci7-13620H (16GB-1TB SSD) RTX 5060 8GB,357999.0,539999.0,34,0,0,Hp,Core i7,1TB,VICTUS 15-FA2093DX Ci7-13620H  RTX 5060 8GB
Lenovo Ideapad Slim 3 13th Gen Core i3 DOS,101999.0,129999.0,22,0,0,Lenovo,Core i3,512GB,Ideapad Slim 3 13th Gen Core i3 DOS
ASUS EXPERTBOOK B1503CVA Ci5-1334U (16GB -512GB SSD),153999.0,200000.0,23,0,0,Asus,Core i5,512GB,EXPERTBOOK B1503CVA Ci5-1334U
ASUS TUF FX507VV-Ci7-13620H (16GB 1TB) RTX 4060 8GB,356999.0,400000.0,11,0,0,Asus,Core i7,1TB,TUF FX507VV-Ci7-13620H  RTX 4060 8GB
Lenovo Thinkbook 16 14th Core 7 (8GB-512GB SSD),229999.0,350000.0,34,0,0,Lenovo,Core 7,512GB,Thinkbook 16 14th Core 7
Lenovo ThinkPad E16 G1 15.6 Inches 13th Gen Core i7 (16GB - 512GB),254999.0,300000.0,15,0,0,Lenovo,Core i7,512GB,ThinkPad E16 G1 15.6 Inches 13th Gen Core i7
Lenovo ThinkPad E14 G5 13th Gen Core i5 1335u (8GB-512GB),243999.0,290000.0,16,0,0,Lenovo,Core i5,512GB,ThinkPad E14 G5 13th Gen Core i5 1335u
HP ProBook 460 G11 | Intel® Core™ Ultra 5 (16GB-512GB),197999.0,250000.0,21,0,0,Hp,Ultra 5,512GB,ProBook 460 G11 | Intel® Core™ Ultra 5
HP 15-FD0336TU Ci5-1334U (8GB-512GB SSD),144999.0,190000.0,24,0,0,Hp,Core i5,512GB,15-FD0336TU Ci5-1334U
Dell Vostro 15 3530 Laptop Core™ i7-1355U (16GB-512GB),172999.0,240000.0,28,0,0,Dell,Core i7,512GB,Vostro 15 3530 Laptop Core™ i7-1355U
Lenovo ThinkBook16 Ultra 5 225U (16GB-512GB SSD),212999.0,230000.0,7,0,0,Lenovo,Ultra 5,512GB,ThinkBook16 Ultra 5 225U
Lenovo Ideapad 5 13th Gen Core I7 DOS,198999.0,250000.0,20,0,0,Lenovo,Core i7,512GB,Ideapad 5 13th Gen Core I7 DOS
Lenovo Thinkbook 15G2 11th Gen Core I7 D0S,181999.0,200000.0,9,0,0,Lenovo,Core i7,512GB,Thinkbook 15G2 11th Gen Core I7 D0S
HP Probook 450 G9 12th Gen Core i7 DOS,186999.0,250000.0,25,0,0,Hp,Core i7,512GB,Probook 450 G9 12th Gen Core i7 DOS
HP Probook 440 G10 13th Gen Core i7 DOS,221999.0,280000.0,21,0,0,Hp,Core i7,512GB,Probook 440 G10 13th Gen Core i7 DOS
Dell Inspiron 15 3530 13th Gen Core i5 1334u,143999.0,200000.0,28,0,0,Dell,Core i5,512GB,Inspiron 15 3530 13th Gen Core i5 1334u
LENOVO LOQ 15 15IRX9 Core i5 13th Gen,261999.0,275000.0,5,0,0,Lenovo,Core i5,512GB,LOQ 15 15IRX9 Core i5 13th Gen
Apple MacBook Air MRXW3 M3 Chip,352999.0,400000.0,12,0,0,Apple,M3,256GB,MacBook Air MRXW3 M3 Chip
Infinix GTBOOK 13th Generation Core i9 13900H 1TB-32GB,422500.0,442999.0,5,0,0,Infinix,Core i9,1TB,GTBOOK 13th Generation Core i9 13900H 1TB-32GB
Dell Inspiron 16 5640 Intel Core 7-150U (16GB-1TB SSD),235999.0,264999.0,11,0,0,Dell,Core 7,1TB,Inspiron 16 5640 Intel Core 7-150U
Lenovo Thinkbook 14 G7 14th Gen Core Ultra 5 125U (8GB DDR5 512GB SSD),195999.0,199999.0,2,0,0,Lenovo,Ultra 5,512GB,Thinkbook 14 G7 14th Gen Core Ultra 5 125U
Lenovo Thinkbook 14 G7 14TH GEN Core Ultra 7 155H (8GB-512GB SSD),235999.0,239999.0,2,0,0,Lenovo,Ultra 7,512GB,Thinkbook 14 G7 14TH GEN Core Ultra 7 155H
Lenovo ThinkPad E14 G6 Intel Core Ultra 5 125U (8GB-512GB SSD),242999.0,250000.0,3,0,0,Lenovo,Ultra 5,512GB,ThinkPad E14 G6 Intel Core Ultra 5 125U
Acer Nitro V15 13th Gen Core i9 13900H (16GB-512GB SSD),312999.0,325000.0,4,0,0,Acer,Core i9,512GB,Nitro V15 13th Gen Core i9 13900H
Apple Macbook Pro M3 A2918 (8GB-512GB SSD),494999.0,600000.0,18,0,0,Apple,M3,512GB,Macbook Pro M3 A2918
Lenovo IdeaPad Slim 3 Ryzen 3 7320U DOS (8GB-256GB SSD),99999.0,114999.0,13,5,2,Lenovo,Ryzen 3,256GB,IdeaPad Slim 3 Ryzen 3 7320U DOS
Lenovo IdeaPad Slim 5 Core i7 13620H DOS (16GB-512GB SSD),209999.0,229999.0,9,0,0,Lenovo,Core i7,512GB,IdeaPad Slim 5 Core i7 13620H DOS
ASUS ExpertBook B1502CV 13th Gen Core i5 1355U (8GB-512GB SSD),151999.0,179999.0,16,0,0,Asus,Core i5,512GB,ExpertBook B1502CV 13th Gen Core i5 1355U
Lenovo Yoga 9 Intel Core Ultra 7 (16GB-1TB SSD),396999.0,449999.0,12,0,0,Lenovo,Ultra 7,1TB,Yoga 9 Intel Core Ultra 7
Lenovo Legion Pro 7 Ultra 9 275HX (64GB-2TB SSD) RTX 5080 16GB 240Hz,1451999.0,1499900.0,3,0,0,Lenovo,Ultra 9,2TB,Legion Pro 7 Ultra 9 275HX  RTX 5080 16GB 240Hz
Lenovo Legion Pro 7 Ultra 9 275HX (64GB-2TB SSD) RTX 5090 24GB 240Hz,1552999.0,1599900.0,3,0,0,Lenovo,Ultra 9,2TB,Legion Pro 7 Ultra 9 275HX  RTX 5090 24GB 240Hz
HP Victus 15-FB3093DX AMD Ryzen 7-7445H (16GB-512GB SSD) RTX 4050 6GB,247999.0,285000.0,13,0,0,Hp,Ryzen 7,512GB,Victus 15-FB3093DX AMD Ryzen 7-7445H  RTX 4050 6GB
HP Victus 16-R0042NE Ci7-13700H (16GB-1TB SSD) RTX™ 4060 8GB,327999.0,375000.0,13,0,0,Hp,Core i7,1TB,Victus 16-R0042NE Ci7-13700H  RTX™ 4060 8GB
Dell 15 DC15250 Ci5-1334U (8GB-512GB SSD),147999.0,200000.0,26,0,0,Dell,Core i5,512GB,15 DC15250 Ci5-1334U
Apple MacBook Air MC6T4 M4 Chip,286999.0,299999.0,4,0,0,Apple,M4,256GB,MacBook Air MC6T4 M4 Chip
Lenovo LOQ 15 Ryzen 5 7235HS (12GB-512GB SSD) RTX 4050 6GB,226999.0,255000.0,11,0,0,Lenovo,Ryzen 5,512GB,LOQ 15 Ryzen 5 7235HS  RTX 4050 6GB
Lenovo V15 G3 15. 6 Inches 12th Gen Core i3 DOS (4GB - 256GB SSD),125499.0,149999.0,16,0,0,Lenovo,Core i3,256GB,V15 G3 15. 6 Inches 12th Gen Core i3 DOS
Lenovo ThinkPad E14 G4 14 Inches 12th Gen Core i5 DOS (8GB - 512GB),229999.0,260000.0,12,0,0,Lenovo,Core i5,512GB,ThinkPad E14 G4 14 Inches 12th Gen Core i5 DOS
Lenovo V15 G3 15.6 Inches 12th Gen Core i7 DOS (8GB - 512GB),181999.0,249999.0,27,0,0,Lenovo,Core i7,512GB,V15 G3 15.6 Inches 12th Gen Core i7 DOS
Lenovo V15 G3 15.6 Inches 12th Gen Core i5 DOS (4GB - 256GB),179999.0,199999.0,10,0,0,Lenovo,Core i5,256GB,V15 G3 15.6 Inches 12th Gen Core i5 DOS
HP ProBook 440 G10 Core i7 (8GB-512GB NVMe SSD),220999.0,260000.0,15,0,0,Hp,Core i7,512GB,ProBook 440 G10 Core i7
Apple Macbook Pro MRX33 M3 Pro 14.2 (18GB-512GB),544999.0,600000.0,9,5,3,Apple,M3,512GB,Macbook Pro MRX33 M3 Pro 14.2
Apple MacBook Pro 14.2” MTL83 (8GB-1TB),494999.0,515000.0,4,0,0,Apple,M3,1TB,MacBook Pro 14.2” MTL83
Apple Macbook Pro 14 MTL73 (8GB-512GB),452999.0,500000.0,9,0,0,Apple,M3,512GB,Macbook Pro 14 MTL73
HP 250 G10 Raptor Lake 13th Gen Core i7 (8GB-512GB),187999.0,209999.0,10,5,1,Hp,Core i7,512GB,250 G10 Raptor Lake 13th Gen Core i7
HP Pavilion x360 14 EK1056TU  Core i7 (16GB-1TB),261999.0,330000.0,21,0,0,Hp,Core i7,1TB,Pavilion x360 14 EK1056TU  Core i7
Lenovo V15 G4 Core i3 13th Gen,110999.0,200000.0,45,0,0,Lenovo,Core i3,512GB,V15 G4 Core i3 13th Gen
LENOVO THINBOOK 16 13TH CI5 8GB/256GB 16INCH,166000.0,200000.0,17,0,0,Lenovo,Core i5,256GB,THINBOOK 16 13TH CI5 8GB/256GB 16INCH
Lenovo V15 G4 Core i7 13th Gen (8GB-512GB),184999.0,250000.0,26,0,0,Lenovo,Core i7,512GB,V15 G4 Core i7 13th Gen
HP 250 G10 13th Gen Core i3 DOS,107499.0,120000.0,10,5,1,Hp,Core i3,512GB,250 G10 13th Gen Core i3 DOS
HP VICTUS 15-FA2701WM Ci5-13420H (16GB -512GB) RTX-4050-6GB,234999.0,300000.0,22,0,0,Hp,Core i5,512GB,VICTUS 15-FA2701WM Ci5-13420H  RTX-4050-6GB
HP ProBook 460 G11 Ultra 7 155U,229999.0,300000.0,23,0,0,Hp,Ultra 7,512GB,ProBook 460 G11 Ultra 7 155U
HP ProBook 460 G11 Intel Core Ultra 5 125U (8GB-512GB),194999.0,280000.0,30,0,0,Hp,Ultra 5,512GB,ProBook 460 G11 Intel Core Ultra 5 125U
HP EliteBook 640 G11 14 Ultra 7 155U (8GB-512GB),293999.0,370000.0,21,0,0,Hp,Ultra 7,512GB,EliteBook 640 G11 14 Ultra 7 155U
HP Elitebook 660 G11 U7 | Intel® Core™ Ultra 7 155U (8GB-512GB),302999.0,370000.0,18,0,0,Hp,Ultra 7,512GB,Elitebook 660 G11 U7 | Intel® Core™ Ultra 7 155U
LENOVO LEGION PRO 5 Ci7-14650HX (16GB-1TB) RTX-4060-8GB,469999.0,495000.0,5,0,0,Lenovo,Core i7,1TB,LEGION PRO 5 Ci7-14650HX  RTX-4060-8GB
HP 250 G9 12th Gen Core i7 DOS,174999.0,200000.0,13,0,0,Hp,Core i7,512GB,250 G9 12th Gen Core i7 DOS
HP 15-FD0229NIA Ci7-1355U (8GB-512GB SSD) 15.6 FHD,177999.0,200000.0,11,0,0,Hp,Core i7,512GB,15-FD0229NIA Ci7-1355U  15.6 FHD
HP Elitebook 650 G10 13th Gen Core I5 1335U,242999.0,300000.0,19,0,0,Hp,Core i5,512GB,Elitebook 650 G10 13th Gen Core I5 1335U
ASUS EXPERTBOOK B1403CVA Ci7-1355U (16GB -512GB SSD),181999.0,230000.0,21,0,0,Asus,Core i7,512GB,EXPERTBOOK B1403CVA Ci7-1355U
HP Elitebook 660 G11 Ultra 5 125U,252999.0,275000.0,8,0,0,Hp,Ultra 5,512GB,Elitebook 660 G11 Ultra 5 125U
Apple MacBook Air MXCV3 M3 8-Core Chip,412999.0,450000.0,8,0,0,Apple,M3,512GB,MacBook Air MXCV3 M3 8-Core Chip
Acer Nitro V15 - Ci5-13420H (16GB-512GB) RTX 4050 6GB,247999.0,275000.0,10,0,0,Acer,Core i5,512GB,Nitro V15 - Ci5-13420H  RTX 4050 6GB
Acer Nitro V16 14th Gen Core i7 14650HX (16GB-512GB SSD),349999.0,415999.0,16,0,0,Acer,Core i7,512GB,Nitro V16 14th Gen Core i7 14650HX
Dell Latitude 5440 13TH GEN CORE i7 1355U (8GB-512GB SSD),344999.0,370000.0,7,0,0,Dell,Core i7,512GB,Latitude 5440 13TH GEN CORE i7 1355U
LENOVO THINKPAD E14 G6 14TH Intel Core Ultra 7 155H (16GB-512GB SSD),283999.0,299999.0,5,0,0,Lenovo,Ultra 7,512GB,THINKPAD E14 G6 14TH Intel Core Ultra 7 155H
LENOVO THINKPAD T14 14TH GEN Intel Core Ultra 7 155U (16GB-512GB SSD),400999.0,420000.0,5,0,0,Lenovo,Ultra 7,512GB,THINKPAD T14 14TH GEN Intel Core Ultra 7 155U
LENOVO THINKPAD T14 14TH GEN Intel Core Ultra 7 155U (32GB-512GB SSD),430999.0,450000.0,4,0,0,Lenovo,Ultra 7,512GB,THINKPAD T14 14TH GEN Intel Core Ultra 7 155U
HP OMNIBOOK 14 FP0013DX Core 5 120U (8GB-512GB),167999.0,220000.0,24,0,0,Hp,Core 5,512GB,OMNIBOOK 14 FP0013DX Core 5 120U
Lenovo loq 15 13th Core i5 13450hx (24GB-512GB) DOS,266999.0,285000.0,6,0,0,Lenovo,Core i5,512GB,loq 15 13th Core i5 13450hx  DOS
Apple MacBook Air 15 MW1K3 M4 Chip,450999.0,460000.0,2,0,0,Apple,M4,512GB,MacBook Air 15 MW1K3 M4 Chip
Dell Latitude 3550 Raptor Lake 13th Gen Core i5 1335U (8GB-512GB SSD),184999.0,219999.0,16,0,0,Dell,Core i5,512GB,Latitude 3550 Raptor Lake 13th Gen Core i5 1335U
LENOVO LOQ 15 Ci5 13450HX,261999.0,310000.0,15,0,0,Lenovo,Core i5,512GB,LOQ 15 Ci5 13450HX
HP OmniBook Ultra Flip 14-FH0030CA Core Ultra 7 256V (16GB 1TB SSD),416999.0,450000.0,7,0,0,Hp,Ultra 7,1TB,OmniBook Ultra Flip 14-FH0030CA Core Ultra 7 256V
Lenovo ThinkPad X1 Carbon G13 Ultra 7 256V (32GB-512GB SSD),659999.0,726000.0,9,0,0,Lenovo,Ultra 7,512GB,ThinkPad X1 Carbon G13 Ultra 7 256V
HP VICTUS 15-FA2013DX Ci5-13420H (8GB 512GB SSD) RTX 3050 6GB,195999.0,249900.0,22,0,0,Hp,Core i5,512GB,VICTUS 15-FA2013DX Ci5-13420H  RTX 3050 6GB
HP VICTUS 15-FA2701WM Ci5-13420H (16GB-512GB SSD) RTX 4050 6GB,233999.0,275999.0,15,0,0,Hp,Core i5,512GB,VICTUS 15-FA2701WM Ci5-13420H  RTX 4050 6GB
ACER PREDATOR HELIOS 16 AI Core Ultra 9 275HX (32GB-1TB SSD) RTX 5070Ti 12GB,684999.0,724000.0,5,0,0,Acer,Ultra 9,1TB,PREDATOR HELIOS 16 AI Core Ultra 9 275HX  RTX 5070Ti 12GB
ASUS EXPERTBOOK B1403CVA Ci5 1334U (16GB-512GB SSD),153999.0,200000.0,23,0,0,Asus,Core i5,512GB,EXPERTBOOK B1403CVA Ci5 1334U
Lenovo ThinkPad E14 G8 U7-255H (16GB-512GB SSD),289999.0,350000.0,17,0,0,Lenovo,Ultra 7,512GB,ThinkPad E14 G8 U7-255H
Lenovo ThinkPad E16 G3 Ultra 5 225U (8GB-512GB SSD),224999.0,300000.0,25,0,0,Lenovo,Ultra 5,512GB,ThinkPad E16 G3 Ultra 5 225U
Dell Alienware Aurora 16 Core 7 240H (16GB-512GB SSD) RTX 5050 8GB,349999.0,400000.0,13,0,0,Dell,Core 7,512GB,Alienware Aurora 16 Core 7 240H  RTX 5050 8GB
Dell Latitude 3550 Ultra 5-125U (8GB-512GB SSD),197999.0,250000.0,21,0,0,Dell,Ultra 5,512GB,Latitude 3550 Ultra 5-125U
Asus VivoBook 16 M1605YA Ryzen 7-7730U (8GB-512GB SSD),179999.0,215000.0,16,0,0,Asus,M1,512GB,VivoBook 16 M1605YA Ryzen 7-7730U
Dell Alienware 16 Aurora Core 7-240H (32GB-1TB SSD) RTX 5060 8GB,440999.0,480000.0,8,0,0,Dell,Core 7,1TB,Alienware 16 Aurora Core 7-240H  RTX 5060 8GB
HP OmniBook 5 16-AF1067ST Ultra 7-255U (16GB-1TB SSD),239999.0,280000.0,14,0,0,Hp,Ultra 7,1TB,OmniBook 5 16-AF1067ST Ultra 7-255U
HP Victus 15-FA2317TX Ci7-13620H (16GB-512GB SSD) RTX 4050 6GB,301999.0,350000.0,14,0,0,Hp,Core i7,512GB,Victus 15-FA2317TX Ci7-13620H  RTX 4050 6GB
Apple Macbook Air 13 MW0Y3 M4,286999.0,299999.0,4,0,0,Apple,M4,256GB,Macbook Air 13 MW0Y3 M4
Dell Inspiron 3515 15.6 inches AMD Ryzen 5 3450U (8GB - 256GB),134499.0,145000.0,7,0,0,Dell,Ryzen 5,256GB,Inspiron 3515 15.6 inches AMD Ryzen 5 3450U
Infinix INBook X2 1065G7 14 Inches Core i7 (8GB RAM - 512GB SSD),119999.0,169999.0,29,5,4,Infinix,Core i7,512GB,INBook X2 1065G7 14 Inches Core i7
Apple MacBook Pro A2289 13 Inches Core i5 (8GB-512GB),242999.0,380000.0,36,0,0,Apple,Core i5,512GB,MacBook Pro A2289 13 Inches Core i5
HP 15s FQ5098TU 15.6 Inches 12th Gen Core i5 Win 11 (8GB - 512GB),145999.0,174999.0,17,0,0,Hp,Core i5,512GB,15s FQ5098TU 15.6 Inches 12th Gen Core i5 Win 11
Dell Inspiron 3520 Core i7 12th Gen (8GB-512GBSSD),187499.0,230000.0,18,0,0,Dell,Core i7,512GB,Inspiron 3520 Core i7 12th Gen
Apple MacBook Air 15.3 M2 MQKX3 (8GB-512GB),406999.0,420000.0,3,0,0,Apple,M2,512GB,MacBook Air 15.3 M2 MQKX3
HP 15 FD0336nia 13th Gen Core i3 (4GB-256GB),107999.0,125000.0,14,0,0,Hp,Core i3,256GB,15 FD0336nia 13th Gen Core i3
Lenovo IdeaPad 5 Core i7 12th Gen (16GB-512GB),205999.0,238000.0,13,0,0,Lenovo,Core i7,512GB,IdeaPad 5 Core i7 12th Gen
HP VICTUS 16-R0003NIA Ci7-13700H (32GB -1TB SSD) RTX 4060 8GB,349999.0,400000.0,13,0,0,Hp,Core i7,1TB,VICTUS 16-R0003NIA Ci7-13700H  RTX 4060 8GB
ASUS ExpertBook B1 502CB 12th Ci5 235U,147999.0,170000.0,13,0,0,Asus,Core i5,512GB,ExpertBook B1 502CB 12th Ci5 235U
Apple MacBook Air 15 Inches With M3 Chip (MRYV3),399999.0,449999.0,11,0,0,Apple,M3,512GB,MacBook Air 15 Inches With M3 Chip
Dell Vostro 3530 Ci3-1305U (8GB-512GB SSD),111999.0,143000.0,22,0,0,Dell,Core i3,512GB,Vostro 3530 Ci3-1305U
Apple Macbook Air 15 MC7C4 M4 Chip,489999.0,499999.0,2,0,0,Apple,M4,512GB,Macbook Air 15 MC7C4 M4 Chip
Acer Nitro V15 13th Gen Core i7-13620H (16GB-512GB SSD) RTX 4060 8GB Graphics,295999.0,305000.0,3,0,0,Acer,Core i7,512GB,Nitro V15 13th Gen Core i7-13620H  RTX 4060 8GB Graphics
Acer Nitro V16 AMD RYZEN 7 8845HS (16GB-512GB SSD),300999.0,330000.0,9,0,0,Acer,Ryzen 7,512GB,Nitro V16 AMD RYZEN 7 8845HS
HP OmniBook 5 16-AF1095CL Core Ultra 9 285H (32GB 1TB),346999.0,370000.0,6,0,0,Hp,Ultra 9,1TB,OmniBook 5 16-AF1095CL Core Ultra 9 285H
HP EliteBook 840 G11 Ultra 7-155U vPro (16GB-512GB SSD),344999.0,380000.0,9,0,0,Hp,Ultra 7,512GB,EliteBook 840 G11 Ultra 7-155U vPro
Dell 15 DC15250 Core 3-100U (8GB-512GB SSD),147999.0,165000.0,10,0,0,Dell,Core 3,512GB,15 DC15250 Core 3-100U
HP Pavilion 15 EH2033au 15.6 Inches AMD Ryzen 7 5825U Win 11 (16GB - 1TB),200999.0,249999.0,20,0,0,Hp,Ryzen 7,1TB,Pavilion 15 EH2033au 15.6 Inches AMD Ryzen 7 5825U Win 11
HP Pavilion 15 EH2032au 15.6 Inches AMD Ryzen 5 5625U Win 11 (16GB - 512GB),156999.0,199999.0,22,0,0,Hp,Ryzen 5,512GB,Pavilion 15 EH2032au 15.6 Inches AMD Ryzen 5 5625U Win 11
HP 15s FD0107TU 15.6 Inches 13th Gen Core i5 1335u Win 11 (8GB - 512GB),159999.0,219999.0,27,3,1,Hp,Core i5,512GB,15s FD0107TU 15.6 Inches 13th Gen Core i5 1335u Win 11
"HP 15-DY5131WM Laptop 12thGen Core i3 (8GB RAM, 256GB SSD)",109999.0,135000.0,19,4,1,Hp,Core i3,256GB,15-DY5131WM Laptop 12thGen Core i3
HP Envy 14-ES0013DX 13th Gen Core i5-1335U (8GB DDR4-512GB SSD),169999.0,220000.0,23,0,0,Hp,Core i5,512GB,Envy 14-ES0013DX 13th Gen Core i5-1335U
Dell Vostro 3520 12th Gen Core i3 15.6 inches (8GB-512GB),100999.0,125000.0,19,0,0,Dell,Core i3,512GB,Vostro 3520 12th Gen Core i3 15.6 inches
HP 15 FD0240TU 13th Gen Core i5 1334u (8GB-512GB),150999.0,185000.0,18,0,0,Hp,Core i5,512GB,15 FD0240TU 13th Gen Core i5 1334u
HP Envy 16 AC0013DX Ultra 5 125U,210999.0,250000.0,16,0,0,Hp,Ultra 5,512GB,Envy 16 AC0013DX Ultra 5 125U
ASUS ZenBook 14 Q415MA Core Ultra 5 125H,191999.0,250000.0,23,0,0,Asus,Ultra 5,512GB,ZenBook 14 Q415MA Core Ultra 5 125H
Dell Inspiron 16 5640 Core i5-1334U (16GB-512GB SSD),197999.0,209999.0,6,0,0,Dell,Core i5,512GB,Inspiron 16 5640 Core i5-1334U
LENOVO LOQ 15 Ci5 12450HX,241999.0,279999.0,14,0,0,Lenovo,Core i5,512GB,LOQ 15 Ci5 12450HX
Infinix INBook X2 1035G1 14 Inches Core i5 (8GB RAM - 512GB SSD),110999.0,159999.0,31,5,2,Infinix,Core i5,512GB,INBook X2 1035G1 14 Inches Core i5
HP 15s FQ5096TU 15.6 Inches 12th Gen Core i3 Win 11 (4GB - 256GB),128999.0,152000.0,15,0,0,Hp,Core i3,256GB,15s FQ5096TU 15.6 Inches 12th Gen Core i3 Win 11
HP 15S-FQ5317TU Laptop 12th Gen Core i5 (8GB-512GB),150999.0,180000.0,16,5,1,Hp,Core i5,512GB,15S-FQ5317TU Laptop 12th Gen Core i5
HP 15S-FQ5299NIA Laptop 12th Gen Core i7 (8GB-512GB SSD),177999.0,220000.0,19,0,0,Hp,Core i7,512GB,15S-FQ5299NIA Laptop 12th Gen Core i7
HP 15s EQ2174AU AMD Ryzen 5 5500U (8GB 512GB),115999.0,126000.0,8,5,1,Hp,Ryzen 5,512GB,15s EQ2174AU AMD Ryzen 5 5500U
Dell Vostro 3520 12th Gen Core i5 15.6 inches (8GB-512GB),129599.0,150000.0,14,0,0,Dell,Core i5,512GB,Vostro 3520 12th Gen Core i5 15.6 inches
HP Victus 15-FA0212TX Gaming Laptop 12th Gen Core i7-12650H (16GB-512GB),285999.0,320000.0,11,0,0,Hp,Core i7,512GB,Victus 15-FA0212TX Gaming Laptop 12th Gen Core i7-12650H
HP 15S-EQ2315AU Laptop AMD Ryzen 7-5700U 8GB-512GB,151999.0,210000.0,28,0,0,Hp,Ryzen 7,512GB,15S-EQ2315AU Laptop AMD Ryzen 7-5700U 8GB-512GB
HP VICTUS 15-FB2082WM R5-8645HS (8GB-512GB SSD) RTX-4050-6GB,231999.0,292000.0,21,0,0,Hp,Ryzen 5,512GB,VICTUS 15-FB2082WM R5-8645HS  RTX-4050-6GB
HP Spectre x360 14-EF2051TU 13th Gen 1355U,401999.0,425000.0,5,0,0,Hp,Core i7,512GB,Spectre x360 14-EF2051TU 13th Gen 1355U
Acer Predator Helios Neo PH16-72-903U Intel Core i9-14900HX (32GB-1TB SSD),480999.0,499999.0,4,0,0,Acer,Core i9,1TB,Predator Helios Neo PH16-72-903U Intel Core i9-14900HX
HP Victus 15-FB2146AX R7-8845HS (16GB-512GB SSD) RTX 4060 8GB,296999.0,335000.0,11,0,0,Hp,Ryzen 7,512GB,Victus 15-FB2146AX R7-8845HS  RTX 4060 8GB
Infinix INBook Y1 Plus Laptop Core i3 (8GB-256GB SSD) International,85999.0,111999.0,23,4,4,Infinix,Core i3,256GB,INBook Y1 Plus Laptop Core i3  International
HP Laptop 15S FQ5276NIA i3 12th Gen (4GB-256GB),107999.0,125000.0,14,0,0,Hp,Core i3,256GB,Laptop 15S FQ5276NIA i3 12th Gen
DELL Vostro 15 3520 Laptop 12th Gen Core i3,101999.0,139999.0,27,4,1,Dell,Core i3,512GB,Vostro 15 3520 Laptop 12th Gen Core i3
HP 15S-FQ5340TU Core i3 12th Gen (8GB-256GB),106999.0,120000.0,11,0,0,Hp,Core i3,256GB,15S-FQ5340TU Core i3 12th Gen
HP 15-FB1000CA Ryzen 5 15.6 inches (16GB-1TB),206999.0,220000.0,6,0,0,Hp,Ryzen 5,1TB,15-FB1000CA Ryzen 5 15.6 inches
HP 15s EQ2174AU 15.6 Inches Ryzen 5 (8GB-512GB),116999.0,150000.0,22,0,0,Hp,Ryzen 5,512GB,15s EQ2174AU 15.6 Inches Ryzen 5
HP Envy 16-H1053DX 13th Gen Core i7-13700H (16GB-1TB),360999.0,400000.0,10,0,0,Hp,Core i7,1TB,Envy 16-H1053DX 13th Gen Core i7-13700H
HP Envy x360 2 in 1 14 FC0023DX Core Ultra 7 Laptop,230999.0,300000.0,23,0,0,Hp,Ultra 7,512GB,Envy x360 2 in 1 14 FC0023DX Core Ultra 7 Laptop
Asus Zenbook 14 Q425MA Core Ultra 7 155H,265999.0,300000.0,11,0,0,Asus,Ultra 7,512GB,Zenbook 14 Q425MA Core Ultra 7 155H
Apple MacBook Air 15 Inches With M3 Chip (MXD43),395999.0,449999.0,12,0,0,Apple,M3,512GB,MacBook Air 15 Inches With M3 Chip
Acer Predator Helios Neo PHN14-51-97X1 Intel Core Ultra 9-185H (32GB-1TB SSD),430999.0,550000.0,22,0,0,Acer,Ultra 9,1TB,Predator Helios Neo PHN14-51-97X1 Intel Core Ultra 9-185H
Lenovo IdeaPad Slim 5 Core i5 13420H DOS (16GB-512GB SSD),176999.0,199999.0,12,0,0,Lenovo,Core i5,512GB,IdeaPad Slim 5 Core i5 13420H DOS
HP 15s FQ5099TU 15.6 Inches 12th Gen Core i7 Win 11 (8GB - 512GB),173999.0,199999.0,13,0,0,Hp,Core i7,512GB,15s FQ5099TU 15.6 Inches 12th Gen Core i7 Win 11
Lenovo Ideapad 5 15.6 Inches 11th Gen Core i5 DOS (8GB - 512GB),144599.0,174999.0,17,5,1,Lenovo,Core i5,512GB,Ideapad 5 15.6 Inches 11th Gen Core i5 DOS
Lenovo Ideapad 3 15.6 Inches 11th Gen Core i7 DOS (8GB - 1TB),155999.0,184999.0,16,0,0,Lenovo,Core i7,1TB,Ideapad 3 15.6 Inches 11th Gen Core i7 DOS
HP 250 G9 15.6 Inches 12th Gen core i5 DOS (8GB - 512GB),152999.0,189999.0,19,0,0,Hp,Core i5,512GB,250 G9 15.6 Inches 12th Gen core i5 DOS
DELL Vostro 15 3520 Laptop 12th Gen Core i5,134999.0,170000.0,21,0,0,Dell,Core i5,512GB,Vostro 15 3520 Laptop 12th Gen Core i5
ASUS Expertbook B1402CVA 13th Gen Core i7 (16GB-512GB),156999.0,200000.0,22,0,0,Asus,Core i7,512GB,Expertbook B1402CVA 13th Gen Core i7
Apple MACBOOK AIR 13” M3 CHIP MRXV3 8-256,288999.0,400000.0,28,5,1,Apple,M3,256GB,MACBOOK AIR 13” M3 CHIP MRXV3 8-256
HP Pavilion 15 EH3050au - AMD Ryzen 7 7730U Octa Core (16GB-1TB),198499.0,245000.0,19,0,0,Hp,Ryzen 7,1TB,Pavilion 15 EH3050au - AMD Ryzen 7 7730U Octa Core
HP Envy 2 in 1 16 AC0023dx Intel Core Ultra 7 155U Processor (16GB-1tb),251999.0,299000.0,16,0,0,Hp,Ultra 7,1TB,Envy 2 in 1 16 AC0023dx Intel Core Ultra 7 155U Processor
HP 15s FD0110TU - Raptor Lake - 13th Gen Core i7 (16GB-512GB),222999.0,270000.0,17,0,0,Hp,Core i7,512GB,15s FD0110TU - Raptor Lake - 13th Gen Core i7
Lenovo ThinkPad E14 Gen 4 Ryzen 5 DOS,141999.0,180000.0,21,0,0,Lenovo,Ryzen 5,512GB,ThinkPad E14 Gen 4 Ryzen 5 DOS
Apple MacBook Air MRXN3 M3 8-Core Chip,288999.0,300000.0,4,0,0,Apple,M3,512GB,MacBook Air MRXN3 M3 8-Core Chip
Dell Inspiron 15 3530 13th Gen Core i7 1355U (16GB-512GB SSD),189999.0,219999.0,14,0,0,Dell,Core i7,512GB,Inspiron 15 3530 13th Gen Core i7 1355U
Dell Inspiron 3535 AMD Ryzen 7-7730U (16GB-512GB SSD),134499.0,142999.0,6,0,0,Dell,Ryzen 7,512GB,Inspiron 3535 AMD Ryzen 7-7730U
Acer Predator Helios Neo PH16-72-99PA Intel Core i9-14900HX (32GB-1TB SSD),430999.0,449999.0,4,0,0,Acer,Core i9,1TB,Predator Helios Neo PH16-72-99PA Intel Core i9-14900HX
Acer Predator Helios Neo PH16-72-97T1 Intel Core i9-14900HX (32GB-1TB SSD),781999.0,950000.0,18,0,0,Acer,Core i9,1TB,Predator Helios Neo PH16-72-97T1 Intel Core i9-14900HX
ASUS ROG Zephyrus G14 GA403UM Ryzen 9-270 (16GB-1TB SSD) RTX 5060 8GB,499999.0,550000.0,9,0,0,Asus,Ryzen 9,1TB,ROG Zephyrus G14 GA403UM Ryzen 9-270  RTX 5060 8GB
